director_id,director
1,A. L. Vijay
2,A. Raajdheep
3,A. Salaam
4,A.R. Murugadoss
5,Aadish Keluskar
6,Aamir Bashir
7,Aamir Khan
8,Aanand Rai
9,Aaron Burns
10,Aaron Hancox
11,Aaron Hann
12,Aaron Lieber
13,Aaron Moorhead
14,Aaron Nee
15,Aaron Sorkin
16,Aaron Woodley
17,Aaron Woolf
18,Aatmaram Dharne
19,Abba T. Makama
20,Abbas Alibhai Burmawalla
21,Abbas Mustan
22,Abbas Tyrewala
23,Abby Epstein
24,Abdellatif Kechiche
25,Abdul Aziz Hashad
26,Abdulaziz Alshlahei
27,Abdullah Al Noor
28,Abel Ferrara
29,Abhay Chopra
30,Abhijeet Deshpande
31,Abhijit Kokate
32,Abhijit Panse
33,Abhinav Shiv Tiwari
34,Abhinay Deo
35,Abhishek Chaubey
36,Abhishek Kapoor
37,Abhishek Saxena
38,Abhishek Sharma
39,Abhishek Varman
40,Abir Sengupta
41,Abosi Ogba
42,Abu Bakr Shawky
43,Achille Brice
44,Aco Tenriyagelli
45,Adam Alleca
46,Adam B. Stein
47,Adam Bhala Lough
48,Adam Bolt
49,Adam Carolla
50,Adam Collins
51,Adam Darke
52,Adam Davis
53,Adam Del Giudice
54,Adam Deyoe
55,Adam Dubin
56,Adam Egypt Mortimer
57,Adam Larson Broder
58,Adam Leon
59,Adam MacDonald
60,Adam Marino
61,Adam McKay
62,Adam Nee
63,Adam Nimoy
64,Adam Randall
65,Adam Salky
66,Adam Schlesinger
67,Adam Shankman
68,Adam Sjöberg
69,Adam Smith
70,Adam Wingard
71,Adam Wood
72,Adarsh Eshwarappa
73,Adekunle Nodash Adejuyigbe
74,Adele K. Thomas
75,Adirek Wattaleela
76,Adisorn Tresirikasem
77,Aditya Kripalani
78,Aditya Sarpotdar
79,Aditya Vikram Sengupta
80,Adrian Murray
81,Adrian Teh
82,Adriana Trigiani
83,Adriano Rudiman
84,Adrien Lagier
85,Adrián García Bogliano
86,Advait Chandan
87,Adze Ugah
88,Afia Nathaniel
89,Afonso Poyart
90,Agasyah Karim
91,Agnidev Chatterjee
92,Agustí Villaronga
93,Ah Loong
94,Ahishor Solomon
95,Ahmad El-Badri
96,Ahmad Samir Farag
97,Ahmed Al-Badry
98,Ahmed El Gendy
99,Ahmed Medhat
100,Ahmed Nader Galal
101,Ahmed Saleh
102,Ahmed Siddiqui
103,Ahmed Yousry
104,Ahmed Zain
105,Ahmed Zein
106,Ahmet Katıksız
107,Ahn Byoung-wook
108,Ahsan Rahim
109,Aijaz Khan
110,Ainsley Gardiner
111,Aitor Arregi
112,Ajay Bahl
113,Ajay Bhuyan
114,Ajay Phansekar
115,Ajithkumar
116,Akashdeep
117,Akay Mason
118,Akhigbe Ilozobhie
119,Akhil Paul
120,Akihiko Yamashita
121,Akin Omotoso
122,Akira Saitoh
123,Akiva Goldsman
124,Akiva Schaffer
125,Akiyuki Shinbo
126,Akram Farouk
127,Akshay Akkineni
128,Akshay Sanjeev Chavan
129,Akshay Shankar
130,Al Campbell
131,Alaa Eddine Aljem
132,Alain Brunard
133,Alain Darborg
134,Alain Desrochers
135,Alain Gagnol
136,Alan Alda
137,Alan Hicks
138,Alan J. Pakula
139,Alan Mak
140,Alan Parker
141,Alan Poul
142,Alan Rickman
143,Alan Yang
144,Alana Waksman
145,Alankrita Shrivastava
146,Alastair Fothergill
147,Alban Teurlai
148,Albert Hughes
149,Albert Sharpe
150,Alberto Arnaut Estrada
151,Alberto Rodríguez
152,Alejandra Márquez Abella
153,Alejandro Agresti
154,Alejandro De Grazia
155,Alejandro Doria
156,Alejandro Fernández Almendras
157,Alejandro G. Iñárritu
158,Alejandro Hartmann
159,Alejandro Lozano
160,Alejandro Martinez-Beltran
161,Alejandro Montiel
162,Alejandro Ruax
163,Aleksey German
164,Aleksey Tsitsilin
165,Alessandra de Rossi
166,Alessandro Angulo
167,Alessandro Pepe
168,Alessio Cremonini
169,Alethea Jones
170,Alex Brewer
171,Alex Burunova
172,Alex Coletti
173,Alex Díaz
174,Alex Garland
175,Alex Gibney
176,Alex Holmes
177,Alex Infascelli
178,Alex Israel
179,Alex Law
180,Alex Lehmann
181,Alex Merkin
182,Alex Parkinson
183,Alex Proyas
184,Alex Ranarivelo
185,Alex Richanbach
186,Alex Smith
187,Alex Stapleton
188,Alex Timbers
189,Alex Winter
190,Alex Woo
191,Alex Zamm
192,Alexander Smith
193,Alexandra Dean
194,Alexandre Aja
195,Alexandre Avancini
196,Alexandre Espigares
197,Alexandre Heboyan
198,Alexandre Reinecke
199,Alexandros Avranas
200,Alexis Almström
201,Alexis Morante
202,Alexx Media
203,Alfons Adetuyi
204,Alfonso Arau
205,Alfonso Cortés-Cavanillas
206,Alfonso Cuarón
207,Alfonso Rodríguez
208,Alfonso Serrano Maturino
209,Alfred Gimeno
210,Ali Bin Matar
211,Ali F. Mostafa
212,Ali Kalthami
213,Ali Ragab
214,Ali Samadi Ahadi
215,Ali Scher
216,Ali Tabrizi
217,Ali Taner Baltacı
218,Ali Yorgancıoğlu
219,Alice Filippi
220,Alice Mathias
221,Alice Rohrwacher
222,Alice Waddington
223,Alice Wu
224,Alicky Sussman
225,Alik Sakharov
226,Alina Teodorescu
227,Alison E. Rose
228,Alison Klayman
229,Alison MacLean
230,Alistair Legrand
231,Alka Amarkant Dubey
232,Allan Jacobsen
233,Allan Ungar
234,Allen Coulter
235,Allen Hughes
236,Ally Pankiw
237,Alma Har'el
238,Almudena Carracedo
239,Almunsif Alsuwaisi
240,Alo Sarkar
241,Alphonso J. Wesson
242,Alê Abreu
243,Amaan Khan
244,Amal Neerad
245,Amalie Næsby Fick
246,Amanda Micheli
247,Amanda Raymond
248,Amandha Wyanto
249,Amar Gupte
250,Amar Kaushik
251,Amara Cash
252,Amardeep Singh Gill
253,Amarjit Virdi
254,Amarpreet G S Chabbra
255,Amber Tamblyn
256,Amin Dora
257,Amir Galvan Cervera
258,Amir Mohiuddin
259,Amit Barot
260,Amit Rai
261,Amit Roy
262,Amit Saxena
263,Amitabha Singh
264,Amitava Bhattacharya
265,Amitoj Mann
266,Amman Abbasi
267,Amol Palekar
268,Amr Arafa
269,Amr Salama
270,Amro Salah
271,Amshan Kumar
272,Amy Poehler
273,Amy Rice
274,Amy Schumer
275,Amy Segal
276,Ana Kokkinos
277,Ana Lily Amirpour
278,Ana Quiroga
279,Anand Kamalakar
280,Anand Ravichandran
281,Anand Tiwari
282,Anand Tucker
283,Ananda Krishnan
284,Anant Balani
285,Ananth Narayan Mahadevan
286,Anas Khan
287,Anatole Litvak
288,Andaç Haznedaroğlu
289,Anders Falck
290,Anders Sømme Hammer
291,Andibachtiar Yusuf
292,Andrea Arnold
293,Andrea Molaioli
294,Andreas Johnsen
295,Andreas Pichler
296,Andreas Prochaska
297,Andres Clariond
298,Andrew Bergman
299,Andrew Bujalski
300,Andrew C. Erin
301,Andrew Davis
302,Andrew Dean
303,Andrew Dominik
304,Andrew Douglas
305,Andrew Duncan
306,Andrew Fleming
307,Andrew Goth
308,Andrew J. Smith
309,Andrew Jenks
310,Andrew L. Schmidt
311,Andrew Lau Wai-Keung
312,Andrew Lau Wai-keung
313,Andrew Loo
314,Andrew Meier
315,Andrew Mogel
316,Andrew Nackman
317,Andrew Niccol
318,Andrew Renzi
319,Andrew Sandler
320,Andrew Slater
321,Andrew Stanton
322,Andrew Sullivan
323,Andrew Tan
324,Andrew Wessels
325,Andrucha Waddington
326,Andrzej Bartkowiak
327,André D'Elia
328,André Odendaal
329,André Øvredal
330,Andrés Beltrán
331,Andrés Couturier
332,Andrés Feddersen
333,Andy Caballero
334,Andy Capper
335,Andy Devonshire
336,Andy Fickman
337,Andy Goddard
338,Andy Serkis
339,Andy Tennant
340,Anees Bazmee
341,Ang Lee
342,Ange Basterga
343,Angel Kristi Williams
344,Angelika Sigl
345,Angelina Jolie
346,Angga Dwimas Sasongko
347,Anggy Umbara
348,Angshuman Ghosh
349,Aniedi Anwah
350,Anik Datta
351,Anil Sharma
352,Anil Thomas
353,Anil V. Kumar
354,Anindya Chatterjee
355,Anirban Majumder
356,Aniruddha Roy Chowdhury
357,Anissa Bonnefont
358,Anita Barbosa
359,Anita Udeep
360,Anjali Nayar
361,Anjum Shahzad
362,Ann Deborah Fishman
363,Anna Boden
364,Anna Elizabeth James
365,Anna Migotto
366,Anna Stone
367,Anna Wieczur-Bluszcz
368,Anne Fletcher
369,Anne Fontaine
370,Anneliese Vandenberg
371,Annie Clark
372,Anoop Sathyan
373,Anthony Abrams
374,Anthony Bell
375,Anthony Byrne
376,Anthony Caronna
377,Anthony Chan
378,Anthony D'Souza
379,Anthony Giordano
380,Anthony Lucero
381,Anthony Mandler
382,Anthony Minghella
383,Anthony Palmer
384,Anthony Pierce
385,Anthony Russo
386,Anthony Scott Burns
387,Anthony Veiller
388,Anthony Wonke
389,Antoine Bardou-Jacquet
390,Antoine Fuqua
391,Antoinette Jadaone
392,Anton Corbijn
393,Antoni Krauze
394,Antonin Baudry
395,Antonio Campos
396,Antonio Chavarrías
397,Antonio Díaz
398,Antonio Morabito
399,Antonio Piazza
400,Antonio Serrano
401,Anu Menon
402,Anubhav Sinha
403,Anurag Basu
404,Anurag Kashyap
405,Anurag Singh
406,Anuranjan Premji
407,Anurin Nwunembom
408,Anusha Rizvi
409,Anvita Dutt
410,Anél Stolp
411,Apirak Samudkitpaisan
412,Apoorva Lakhia
413,Appie Boudellah
414,April Mullen
415,Apurva Dhar Badgaiyann
416,Aram van de Rest
417,Arati Kadav
418,Archie Borders
419,Archie Hekagery
420,Ari Folman
421,Ari Levinson
422,Ari Sandel
423,Ariel Boles
424,Ariel Schulman
425,Ariel Vromen
426,Arjun Gourisaria
427,Arjun Jandyala
428,Armando Croda
429,Armando Iannucci
430,Arnab Chaudhuri
431,Arne Birkenstock
432,Arnon Manor
433,Arpan Sarkar
434,Artemis Joukowsky
435,Arthell Isom
436,Arthur Allan Seidelman
437,Arthur Muhammad
438,Arthur Penn
439,Arun Chidambaram
440,Arun Vaidyanathan
441,Aruna Raje
442,Arvind Swamy
443,Asghar Farhadi
444,Ash Brannon
445,Ashim Ahluwalia
446,Ashish R. Mohan
447,Ashish R. Shukla
448,Ashley York
449,Ashok Nanda
450,Ashraf Fayeq
451,Ashu Trikha
452,Ashutosh Gowariker
453,Ashwin Saravanan
454,Ashwiny Iyer Tiwari
455,Asif Kapadia
456,Asim Abbasi
457,Asim Raza
458,Asit Mohapatra
459,Asri Bendacha
460,Atanu Ghosh
461,Atanu Mukherjee
462,Atharv Baluja
463,Athiyan Athirai
464,Atlee Kumar
465,Atom Egoyan
466,Atsajun Sattakovit
467,Atsuko Ishizuka
468,Attila Till
469,Atul Kale
470,Atul Malhotra
471,Atul Sabharwal
472,Aubrey Powell
473,Audu Paden
474,August Jakobsson
475,Augustine Frizzell
476,Augusto Matte
477,Aurora Guerrero
478,Austin Kolodney
479,Austin Peck
480,Austin Stark
481,Ava DuVernay
482,Avadhoot Gupte
483,Avgousta Zourelidi
484,Avi Federgreen
485,Avinash Arun
486,Avinash Das
487,Avinash Walzade
488,Awi Suryadi
489,Axelle Laffont
490,Ayaan Mukherji
491,Ayman Makram
492,Aytaç Ağırlar
493,Ayumu Watanabe
494,Ayush Raina
495,Azazel Jacobs
496,Azfar Jafri
497,Aziz Ansari
498,Aziz Mirza
499,B. Subhash
500,B. T Thomas
501,B. Unnikrishnan
502,B. V. Nandini Reddy
503,B.N. Shajeer Sha
504,BB Sasore
505,Babak Anvari
506,Bagus Bramanti
507,Bahij Hojeij
508,Baljit Singh Deo
509,Baltasar Kormákur
510,Balu Mahendra
511,Banjong Pisanthanakun
512,Bao Nhan
513,Barak Goodman
514,Baran bo Odar
515,Barbara Białowąs
516,Barbara Kopple
517,Barbara Schroeder
518,Barbra Streisand
519,Barney Clay
520,Barry Avrich
521,Barry Gonzalez
522,Barry Jenkins
523,Barry Levinson
524,Barry Sonnenfeld
525,Bart Freundlich
526,Bartosz M. Kowalski
527,Bas van Teylingen
528,Basava Shankar Eeday
529,Bashir El Deek
530,Bassam Kurdali
531,Bassam Tariq
532,Basu Chatterjee
533,Bauddhayan Mukherji
534,Baz Luhrmann
535,Bedabrata Pain
536,Bedran Güzel
537,Beeban Kidron
538,Bejoy Nambiar
539,Ben A. Williams
540,Ben Bowie
541,Ben Brewer
542,Ben C. Lucas
543,Ben Falcone
544,Ben Foster
545,Ben Kasulke
546,Ben Nicholas
547,Ben Palmer
548,Ben Patterson
549,Ben Pluimer
550,Ben Ryder
551,Ben Shelton
552,Ben Simms
553,Ben Stassen
554,Ben Steele
555,Ben Wallis
556,Ben Wheatley
557,Ben Young
558,Ben Younger
559,Benedict Andrews
560,Benjamin Arfmann
561,Benjamin Cohen
562,Benjamin Dickinson
563,Benjamin Ree
564,Benjamin Ross
565,Benjamin Turner
566,Benjamin Weill
567,Benny Fine
568,Benny Fredman
569,Benny Safdie
570,Benoît Jacquot
571,Benoît Philippon
572,Benson Lee
573,Bent-Jorgen Perlmutt
574,Bernard Rose
575,Bernardo Arellano
576,Bernie Denk
577,Bert Marcus
578,Beth Sleven
579,Bette Gordon
580,Betty Thomas
581,Beyoncé Knowles-Carter
582,Bhagyaraj
583,Bharat Jain
584,Bharat Nalluri
585,Bhavik Thakore
586,Bhavin Wadia
587,Bhushan Patel
588,Bigflo & Oli
589,Bilal Lashari
590,Bill Condon
591,Bill D'Elia
592,Bill Guttentag
593,Bill Oliver
594,Bill Plympton
595,Bille August
596,Bille Woodruff
597,Billy Bob Thornton
598,Billy Corben
599,Billy Lyons
600,Billy Ray
601,Bin Bunluerit
602,Binayak Das
603,Binu Ulahhannan
604,Biodun Stephen
605,Birkan Pusa
606,Biswajeet Bora
607,Biyi Bandele
608,Björn Stein
609,Blair Hayes
610,Blair Simmons
611,Blake Harris
612,Blayne Weaver
613,Bo Burnham
614,Bo Welch
615,Bob Hercules
616,Bob Nelson
617,Bob Odenkirk
618,Bob Persichetti
619,Bob Rose
620,Bobby Farrelly
621,Bobby Roth
622,Bobcat Goldthwait
623,Bolanle Austen-Peters
624,Bong Joon Ho
625,Bonni Cohen
626,Borja Cobeaga
627,Brad Anderson
628,Brad Bird
629,Brad Furman
630,Brad Peyton
631,Brad Rothschild
632,Brad Silberling
633,Braden R. Duemmler
634,Bradley Parker
635,Bradley Walsh
636,Brandon Camp
637,Brandon Dickerson
638,Brandon Jeffords
639,Brandon Jones
640,Brandon Kimber
641,Brandon Oldenburg
642,Brandon Somerhalder
643,Brant Sersen
644,Brendan Byrne
645,Brendan Malloy
646,Brendan Toller
647,Brendon Marotta
648,Brent Bonacorso
649,Brent Dawes
650,Brent Maddock
651,Brett Donowho
652,Brett Haley
653,Brett Harvey
654,Brett Hedlund
655,Brett Ratner
656,Brett Weiner
657,Brett Whitcomb
658,Brian A. Miller
659,Brian Andrew Mendoza
660,Brian Baugh
661,Brian De Palma
662,Brian Helgeland
663,Brian Henson
664,Brian Klein
665,Brian Knappenberger
666,Brian Levant
667,Brian M. Conley
668,Brian McGinn
669,Brian Niles
670,Brian O'Malley
671,Brian Oakes
672,Brian Robbins
673,Brian Skiba
674,Brian Smith
675,Brian Smrz
676,Brian Volk-Weiss
677,Brian Webber
678,Briar Grace-Smith
679,Brie Larson
680,Brit McAdams
681,Brittany Andrews
682,Brodje Wemboendja
683,Brody Chu
684,Bronwen Hughes
685,Bruce Beresford
686,Bruce Gowers
687,Bruce Leddy
688,Bruce MacDonald
689,Bruce McCulloch
690,Bruce McDonald
691,Bruce Robinson
692,Bruce Sinofsky
693,Bruce W. Smith
694,Bruno Ascenzo
695,Bruno Garotti
696,Bruno Stagnaro
697,Bryan Bertino
698,Bryan Buckley
699,Bryan Fogel
700,Bryan Singer
701,Bryce Wagoner
702,Bryn Evans
703,Buchi Babu Sana
704,Buddhadev Dasgupta
705,Bumpy
706,Bunmi Ajakaiye
707,Burak Aksak
708,Burhan Qurbani
709,Burr Steers
710,Buta Singh
711,Buz Wallick
712,Buzz Kulik
713,Byeon Hee-sun
714,Byron Howard
715,Byun Hyuk
716,C. Fitz
717,C.J. Wallis
718,Cai Cong
719,Caio Cobra
720,Cal Brunker
721,Cal Saville
722,Cal Seville
723,Callie Khouri
724,Camilla Nielsson
725,Camille Delamarre
726,Camille Shooshani
727,Can Ulkay
728,Caradog W. James
729,Carey McKenzie
730,Carla Barros
731,Carles Torras
732,Carlo Padial
733,Carlos Algara
734,Carlos Bolado
735,Carlos Marques-Marcet
736,Carlos Moreno
737,Carlos Morett
738,Carlos Pérez Osorio
739,Carlos Sedes
740,Carlos Sorín
741,Carlos Therón
742,Carlos Vermut
743,Carly Stone
744,Carol Reed
745,Caroline Suh
746,Caroline Sá
747,Cary Joji Fukunaga
748,Cary Murnion
749,Caryn Waechter
750,Casey Suchan
751,Cassi Simonds
752,Cassia Dian
753,Castille Landon
754,Cate Shortland
755,Catherine Hardwicke
756,Cathy Garcia-Molina
757,Catrin Einhorn
758,Cavi Borges
759,Cecilia Atán
760,Cecilia Peck
761,Cecilia Verheyden
762,Cedric Nicolas-Troyan
763,Cem Yılmaz
764,Chad Archibald
765,Chad Hartigan
766,Chad L. Scheifele
767,Chad Van De Keere
768,Chairun Nissa
769,Chaitanya Tamhane
770,Chakri Toleti
771,Chan-sang Lim
772,Chanda Bell
773,Chandan Arora
774,Chandra Liow
775,Chandra Prakash Dwivedi
776,Chandrakant Kanse
777,Chandrakant Kulkarni
778,Chandran Narikode
779,Chang Chin-jung
780,Chang-Min Lee
781,Chanon Yingyong
782,Chapman Way
783,Charles A. Nichols
784,Charles Gozali
785,Charles Martin
786,Charles Martin Smith
787,Charles Officer
788,Charles Stone III
789,Charles Uwagbai
790,Charles Walters
791,Charlie Haskell
792,Charlie Kaufman
793,Charlie Lightening
794,Charlie McDowell
795,Charlie Siskel
796,Charlie Vaughn
797,Charlotte Zwerin
798,Charneice Fox
799,Chatchai Katenut
800,Chayanop Boonprakob
801,Che Sandoval
802,Cheang Pou Soi
803,Cheewatan Pusitsuksa
804,Cheh Chang
805,Chen Hung-yi
806,Chen Kuan-chung
807,Chen Rong-hui
808,Cheng Wei-hao
809,Chester Tam
810,Cheta Chukwu
811,Chi Fat Chan
812,Chi Keung Fung
813,Chia Tang
814,Chia-Liang Liu
815,Chiaki Kon
816,Chico Pereira
817,Chike
818,Chinaza Onuzo
819,Chineze Anyaene
820,Chito S. Roño
821,Chiwetel Ejiofor
822,Cho Il
823,Cho Li
824,Choi Jin-seong
825,Chow Hin Yeung Roy
826,Chow Kwun-wai
827,Chris Appelhans
828,Chris Baugh
829,Chris Bell
830,Chris Blake
831,Chris Bolan
832,Chris Bouchard
833,Chris Bould
834,Chris Buck
835,Chris Burkard
836,Chris Butler
837,Chris Columbus
838,Chris Eigeman
839,Chris Eneng Enaji
840,Chris Foggin
841,Chris Gorak
842,Chris Howe
843,Chris Jenkins
844,Chris Kelly
845,Chris Koch
846,Chris McCoy
847,Chris Miller
848,Chris Moukarbel
849,Chris Nahon
850,Chris Nelson
851,Chris Perkel
852,Chris Renaud
853,Chris Robinson
854,Chris Rock
855,Chris Roland
856,Chris Sanders
857,Chris Sivertson
858,Chris Smith
859,Chris Sparling
860,Chris Stokes
861,Chris Weitz
862,Chris Williams
863,Christel Gibson
864,Christian Alvart
865,Christian Charles
866,Christian De Vita
867,Christian Desmares
868,Christian Ditter
869,Christian Duguay
870,Christian E. Christiansen
871,Christian Gudegast
872,Christian Herrendoerfer
873,Christian Schwochow
874,Christian Tureaud
875,Christian Zübert
876,Christina Clusiau
877,Christine Luby
878,Christophe Charrier
879,Christophe Honoré
880,Christopher Alender
881,Christopher Amos
882,Christopher Cain
883,Christopher Caldwell
884,Christopher Chambers
885,Christopher Guest
886,Christopher Loren Ewers
887,Christopher Louie
888,Christopher Martin
889,Christopher Miller
890,Christopher Murray
891,Christopher Nolan
892,Christopher Nolen
893,Christopher Ray
894,Christopher S. Rech
895,Christopher Smith
896,Christopher Storer
897,Chuang Shiang-an
898,Chuck Russell
899,Chun Wong
900,Chung Mong-hong
901,Ciarán Foy
902,Claire McCarthy
903,Claire Scanlon
904,Clara Martínez-Lázaro
905,Clarence Yiu-leung Fok
906,Clark Johnson
907,Claude Barras
908,Claude Lelouch
909,Claus Wehlisch
910,Clay Glen
911,Clay Kaytis
912,Clay Porter
913,Clay Staub
914,Clay Tweel
915,Clementine Malpas
916,Clint Butler
917,Clint Eastwood
918,Clive Tonge
919,Clovis Cornillac
920,Cody Cameron
921,Cody Stokes
922,Coerte Voorhees
923,Cole D. Pruitt
924,Colin Dench
925,Colin Minihan
926,Colin Strause
927,Colin Teague
928,Colin Trevorrow
929,Conor Allyn
930,Conrad Helten
931,Conrad Vernon
932,Constance Marks
933,Coodie
934,Cooper Karl
935,Corbin Bernsen
936,Corey Grant
937,Corey Yuen
938,Cory Edwards
939,Cosima Spender
940,Cosmo Feilding-Mellen
941,Cosmo Segurson
942,Courtney Hunt
943,Craig Anderson
944,Craig Brewer
945,Craig Elrod
946,Craig Freimond
947,Craig Gillespie
948,Craig Goodwill
949,Craig Johnson
950,Craig Moss
951,Cris D'Amato
952,Cristi Puiu
953,Cristina Costantini
954,Cristina Jacob
955,Crystal Moselle
956,Curro Velázquez
957,Curtis Graham
958,Curtis Hanson
959,Cyrus Nowrasteh
960,Cyrus Saidi
961,Cédric Jimenez
962,Célia Catunda
963,César Rodrigues
964,Cüneyt Kaya
965,D Ho
966,D.B. Weiss
967,DJ Chen
968,Daan Jansen
969,Dado C. Lumibao
970,Daisuke Nishio
971,Daito Manabe
972,Dallas Jackson
973,Dallas Jenkins
974,Damani Baker
975,Damien Chazelle
976,Damien Leone
977,Damien O’Connor
978,Damien Piscarel
979,Damián Romay
980,Damon Cardasis
981,Damon Davis
982,Dan Forgione
983,Dan Forrer
984,Dan Fraga
985,Dan Gilroy
986,Dan Harris
987,Dan Krauss
988,Dan Kuenster
989,Dan Kwan
990,Dan Lucchesi
991,Dan Villegas
992,Dana Doron
993,Dana Nachman
994,Dani Levy
995,Dani de la Orden
996,Dani de la Torre
997,Daniel Ablin
998,Daniel Alfredson
999,Daniel Arasanz
1000,Daniel Benmayor
1001,Daniel Burman
1002,Daniel Calparsoro
1003,Daniel Camenisch
1004,Daniel DiMauro
1005,Daniel Effiong
1006,Daniel Espinosa
1007,Daniel Goldhaber
1008,Daniel Gordon
1009,Daniel Gray Longino
1010,Daniel J. Clark
1011,Daniel Joseph
1012,Daniel Kontur
1013,Daniel Lee
1014,Daniel Lindsay
1015,Daniel Mann
1016,Daniel Markowicz
1017,Daniel McCabe
1018,Daniel Minahan
1019,Daniel Monzón
1020,Daniel Noah
1021,Daniel Oriahi
1022,Daniel Prochaska
1023,Daniel Raim
1024,Daniel Růžička
1025,Daniel Sandu
1026,Daniel Schechter
1027,Daniel Scheinert
1028,Daniel Stamm
1029,Daniel Sánchez Arévalo
1030,Daniel Vernon
1031,Daniel Wilner
1032,Daniel Yee Heng Chan
1033,Daniela Goggi
1034,Daniele Thompson
1035,Danish Aslam
1036,Danishka Esterhazy
1037,Danny Boyle
1038,Danny Cannon
1039,Danny J. Boyle
1040,Danny Leiner
1041,Dante Lam
1042,Dar Gai
1043,Dare Olaitan
1044,Darin Scott
1045,Darragh O'Connell
1046,Darren Grant
1047,Darren Lynn Bousman
1048,Daryl Hannah
1049,Dash Shaw
1050,Datta Mohan Bhandare
1051,Dava Whisenant
1052,Dave Dorsey
1053,Dave Green
1054,Dave Higby
1055,Dave Needham
1056,Dave Patten
1057,Dave Skinner
1058,David 'Tosh' Gitonga
1059,David A. Vargas
1060,David Allensworth
1061,David Alvarado
1062,David Ayer
1063,David Batra
1064,David Batty
1065,David Beier
1066,David Benioff
1067,David Benullo
1068,David Blair
1069,David Briggs
1070,David Bruckner
1071,David Cantolla
1072,David Charhon
1073,David Chirchirillo
1074,David Chuang
1075,David Cronenberg
1076,David Dhawan
1077,David Dietz
1078,David Dobkin
1079,David E. Talbert
1080,David Fairhead
1081,David Feiss
1082,David Felix Sutcliffe
1083,David Fincher
1084,David France
1085,David Frankel
1086,David Galán Galindo
1087,David Gelb
1088,David Gordon Green
1089,David Grossman
1090,David Guy Levy
1091,David Hackl
1092,David Hebditch
1093,David Hunt
1094,David Johndrow
1095,David Koepp
1096,David L. Cunningham
1097,David L.G. Hughes
1098,David LaChapelle
1099,David Lam
1100,David Lean
1101,David Lee Miller
1102,David Leveaux
1103,David Lowery
1104,David Lynch
1105,David M. Rosenthal
1106,David Mackenzie
1107,David Marmor
1108,David McCracken
1109,David Michôd
1110,David Mirkin
1111,David Moreton
1112,David Morris
1113,David Mrnka
1114,David O. Russell
1115,David Oelhoffen
1116,David Oyelowo
1117,David Pablos
1118,David Pastor
1119,David Paul Meyer
1120,David R. Ellis
1121,David Raynr
1122,David Salzberg
1123,David Sampliner
1124,David Schalko
1125,David Serrano
1126,David Shisgall
1127,David Silberg
1128,David Sington
1129,David Slade
1130,David Soren
1131,David Stubbs
1132,David Tryhorn
1133,David Wain
1134,David Wnendt
1135,David Yarovesky
1136,David Zeiger
1137,David Zucker
1138,David de Vos
1139,Davis Guggenheim
1140,Dawn Porter
1141,Dean Craig
1142,Dean DeBlois
1143,Dean Parisot
1144,Dean Wellins
1145,Dean Wright
1146,Deane Taylor
1147,Debaloy Dey
1148,Debamitra Biswal
1149,Debbie Allen
1150,Deborah Kaplan
1151,Debra Granik
1152,Dee Rees
1153,Deep Joshi
1154,Deepa Mehta
1155,Deepika Narayan Bhardwaj
1156,Deepti Kakkar
1157,Deepti Naval
1158,Dejan Zečević
1159,Delhiprasad Deenadayalan
1160,Demetri Martin
1161,Denis Do
1162,Denis Hennelly
1163,Denis Villeneuve
1164,Deniz Gamze Ergüven
1165,Dennie Gordon
1166,Dennis Bartok
1167,Dennis Dugan
1168,Dennis Iliadis
1169,Dennis Rovira van Boekholt
1170,Dennis Scholl
1171,Dennis Widmyer
1172,Denny Lu
1173,Derek Cianfrance
1174,Derek Hui
1175,Derek Peck
1176,Derek Yee
1177,Derick Cabrido
1178,Desingh Periyasamy
1179,Destin Daniel Cretton
1180,Detlev Buck
1181,Devaki Singh
1182,Devashish Makhija
1183,Devika Bhagat
1184,Devin Chanda
1185,Dhanush
1186,Dharmendra Suresh Desai
1187,Dharmesh Darshan
1188,Dheeraj Berry
1189,Dhilip Kumar
1190,Dhruv Dhawan
1191,Dian Sastrowardoyo
1192,Dianne Dreyer
1193,Dibakar Banerjee
1194,Diego Cohen
1195,Diego Corsini
1196,Diego Enrique Osorno
1197,Diego Kaplan
1198,Diego Lerman
1199,Diego Luna
1200,Diego Pignataro
1201,Digo Ricio
1202,Dileep Narayanan
1203,Dilip Mehta
1204,Dimitri Logothetis
1205,Ding Sheng
1206,Ding-Lin Wang
1207,Dino Risi
1208,Dirk Laabs
1209,Dito Montiel
1210,Doesjka van Hoogdalem
1211,Dolapo Adeleke
1212,Domenico de Feudis
1213,Dominic Sena
1214,Don Argott
1215,Don Bluth
1216,Don Hardy Jr.
1217,Don Mancini
1218,Don Michael Paul
1219,Don Omope
1220,Donald Petrie
1221,Donick Cary
1222,Donovan Marsh
1223,Dorian Fernández-Moris
1224,Doron Paz
1225,Doug Hamilton
1226,Doug Lefler
1227,Doug McHenry
1228,Douglas Attal
1229,Douglas McGrath
1230,Drake Doremus
1231,Drea Cooper
1232,Drew Casson
1233,Drew Heriot
1234,Drew Stone
1235,Drue Metz
1236,Duncan Jones
1237,Duncan McMath
1238,Duncan Skiles
1239,Dustin Hoffman
1240,Dustin McKenzie
1241,Dustin Nguyen
1242,Dylan Bank
1243,Dylan C. Brown
1244,Dylan Haegens
1245,Dylan Howitt
1246,Dylan Mohan Gray
1247,Dylan Southern
1248,Ed Lilly
1249,Ed Perkins
1250,Eddie Martin
1251,Eddie Mensore
1252,Eddie Rosas
1253,Edgar Wright
1254,Edoardo Ponti
1255,Eduardo Casanova
1256,Eduardo Chauvet
1257,Eduardo Mendoza de Echave
1258,Eduardo Pinto
1259,Eduardo Roy Jr.
1260,Edward Cotterill
1261,Edward Drake
1262,Edward Ellis
1263,Edward James Olmos
1264,Edward Zwick
1265,Edwin
1266,Eeshwar Nivas
1267,Ehtesham Uddin
1268,Einar Gabbassov
1269,Ekachai Uekrongtham
1270,Ekene Som Mekwunye
1271,Elaine Bogan
1272,Elaine McMillion Sheldon
1273,Eleonore Pourriat
1274,Eli Craig
1275,Eli Roth
1276,Eliane Brum
1277,Elisa Fuksas
1278,Elisabeth Vogler
1279,Elissa Down
1280,Elite Zexer
1281,Elizabeth Banks
1282,Elizabeth Chai Vasarhelyi
1283,Elizabeth Wood
1284,Elle Callahan
1285,Elle-Máijá Tailfeathers
1286,Ellen Brown
1287,Ellen Page
1288,Ellen Seidler
1289,Ellen Weissbrod
1290,Ellena Wood
1291,Elliot Hegarty
1292,Elliot Silverstein
1293,Elsa Flores Almaraz
1294,Elsa Nakamichi
1295,Elvira Lind
1296,Elías León
1297,Emanuel Hoss-Desmarais
1298,Emcy Joseph
1299,Emil Ben-Shimon
1300,Emilio Martínez Lázaro
1301,Emily Hagins
1302,Emir Kusturica
1303,Emma Hatherley
1304,Emma Tammi
1305,Emmanuel Amara
1306,Emmanuel Mouret
1307,Emmett Malloy
1308,Enah Johnscott
1309,Enrico Bisi
1310,Enrique García Meza
1311,Eondeok Han
1312,Eric Abrams
1313,Eric Aghimien
1314,Eric Bress
1315,Eric Bross
1316,Eric D. Cabello Díaz
1317,Eric Darnell
1318,Eric Drath
1319,Eric Goode
1320,Eric Idle
1321,Eric Juhola
1322,Eric Khoo
1323,Eric Laneuville
1324,Eric Meza
1325,Eric Notarnicola
1326,Eric Radomski
1327,Eric Schlosser
1328,Eric Stoltz
1329,Eric Summer
1330,Eric Zaragosa
1331,Erich Sturm
1332,Erik Canuel
1333,Erik Ewers
1334,Erik Kling
1335,Erik Matti
1336,Erik Nelson
1337,Erik White
1338,Ernie Barbarash
1339,Erol Özlevi
1340,Errol Morris
1341,Ertanto Robby Soediskam
1342,Erwin van den Eshof
1343,Eshom Nelms
1344,Espen Sandberg
1345,Esteban Crespo
1346,Esteban Sapir
1347,Esteban Vidal
1348,Estela Renner
1349,Ester Gould
1350,Ethan Coen
1351,Ethan Hawke
1352,Eugenio Derbez
1353,Eva Müller
1354,Eva Orner
1355,Eva Trobisch
1356,Eva Vives
1357,Evan Goldberg
1358,Evan Katz
1359,Evan Spiridellis
1360,Everardo González
1361,Everardo Gout
1362,Evgeny Afineevsky
1363,Eylem Kaftan
1364,Ezekiel Norton
1365,Fab Five Freddie
1366,Fabien Beziat
1367,Fabio Grassadonia
1368,Fabio Ock
1369,Fabrice Du Welz
1370,Fabrizio Copano
1371,Fahad Mustafa
1372,Faisal al Amer
1373,Fajar Bustomi
1374,Falz
1375,Faozan Rizal
1376,Faraday Okoro
1377,Farah Khan
1378,Farah Nabulsi
1379,Farah X
1380,Faraz Haider
1381,Farhad Safinia
1382,Farhan Akhtar
1383,Farhan Alam
1384,Faris Godus
1385,Farishad I. Latjuba
1386,Farjad Nabi
1387,Fazila Allana
1388,Federico D'Alessandro
1389,Federico Lemos
1390,Federico Veiroj
1391,Felipe Cano
1392,Felix Binder
1393,Felix Chong
1394,Felix Herngren
1395,Felix Starck
1396,Felix Thompson
1397,Felix Van Groeningen
1398,Felix van Groeningen
1399,Fellipe Barbosa
1400,Femi D. Ogunsanwo
1401,Femi Oyeniran
1402,Feng Xiaogang
1403,Ferdinando Cito Filomarino
1404,Fermín Muguruza
1405,Fernando Ayllón
1406,Fernando Coimbra
1407,Fernando Colomo
1408,Fernando Frías De La Parra
1409,Fernando Frías de la Parra
1410,Fernando González Molina
1411,Fernando Lebrija
1412,Fernando Meirelles
1413,Fernando Moro
1414,Fernando Sariñana
1415,Fernando Villena
1416,Feroz
1417,Ferzan Özpetek
1418,Filip Renc
1419,Filip Zylber
1420,Filippo Gastaldi
1421,Fisher Stevens
1422,Flor Salcedo
1423,Florent Bodin
1424,Floria Sigismondi
1425,Florian Gallenberger
1426,Florian Henckel von Donnersmarck
1427,Florian Schnell
1428,Florian Schott
1429,Floyd Russ
1430,Fluvio Iannuci
1431,Fouad Al Shatti
1432,Fouad El-Mohandes
1433,Francesco Amato
1434,Francesco Carnesecchi
1435,Francesco Carrozzini
1436,Francesco Imperato
1437,Francesco Lettieri
1438,Francine Parker
1439,Francis Ford Coppola
1440,Francis Lee
1441,Francis Whately
1442,Francisco D'Eufemia
1443,Francisco Macri
1444,Francisco Ruiz Velasco
1445,Francisco Schultz
1446,Franck Ekinci
1447,Franck Nataf
1448,Franck Phelizon
1449,Franck Ribière
1450,Frank Ariza
1451,Frank Capra
1452,Frank Coraci
1453,Frank E. Abney III
1454,Frank Marshall
1455,Frank O'Connor
1456,Frank Oz
1457,Frank Paur
1458,Frank Rajah Arase
1459,Frank W Chen
1460,Frant Gwo
1461,Franziska Meyer Price
1462,Frasco Mortiz
1463,Fred Cavayé
1464,Fred Durst
1465,Fred M. Wilcox
1466,Fred Olen Ray
1467,Fred Ouro Preto
1468,Fred Wolf
1469,Freddie Waters
1470,Frederick Cipoletti
1471,Fredric Lean
1472,Fredrick Munk
1473,Fritz Böhm
1474,Fritz Ofner
1475,Frédéric Tonolli
1476,Fumihiko Sori
1477,Funke Akindele
1478,Fuwad Khan
1479,G.J. Echternkamp
1480,Gabe Ibáñez
1481,Gabe Klinger
1482,Gabe Turner
1483,Gabriel Clarke
1484,Gabriel Cruz Rivas
1485,Gabriel Grieco
1486,Gabriel Sabloff
1487,Gabriela Cowperthwaite
1488,Gabriela García Rivas
1489,Gabriela Tagliavini
1490,Gabriele Muccino
1491,Gaby Dellal
1492,Gafoor Y. Elliyaas
1493,Gagan Puri
1494,Gail Willumsen
1495,Gajendra Ahire
1496,Galley Molina
1497,Ganesh Kadam
1498,Gangadhar Salimath
1499,Gareth Evans
1500,Gareth Sacala
1501,Garin Nugroho
1502,Garrett Bradley
1503,Garry Marshall
1504,Garth Davis
1505,Gary Andrews
1506,Gary Binkow
1507,Gary Cohen
1508,Gary David Goldberg
1509,Gary Fleder
1510,Gary Goldman
1511,Gary Howsam
1512,Gary Mak
1513,Gary Michael Schultz
1514,Gary Ross
1515,Gary Shore
1516,Gary Sing
1517,Gary Stretch
1518,Gary Wang
1519,Gary Wheeler
1520,Gary Winick
1521,Gary Young
1522,Gaspar Antillo
1523,Gastón Duprat
1524,Gaurav Bavdankar
1525,Gaurav Narayanan
1526,Gauravv K Chawla
1527,Gauri Shinde
1528,Gautham Vasudev Menon
1529,Gautier & Leduc
1530,Gavin Fitzgerald
1531,Gavin O'Connor
1532,Gavin Yap
1533,Gayane Petrosyan
1534,Gaëtan Brizzi
1535,Geetu Mohandas
1536,Gene Quintano
1537,Genevieve Nnaji
1538,Genndy Tartakovsky
1539,Geoff Anderson
1540,Geoff Luck
1541,Geoffrey Orthwein
1542,George C. Wolfe
1543,George Clooney
1544,George Cukor
1545,George Ford
1546,George Gallo
1547,George Jackson
1548,George Mendeluk
1549,George Miller
1550,George Nolfi
1551,George Ratliff
1552,George Stevens
1553,Georges Hachem
1554,Gerard Barrett
1555,Gerard McMurray
1556,Gerardo Gatica
1557,Gerardo Olivares
1558,Gerhard Mostert
1559,Gerry Blaksley
1560,Gerry Hoban
1561,Gervasio Iglesias
1562,Geun-hyun Cho
1563,Giancarlo Esposito
1564,Gianfranco Rosi
1565,Gideon Raff
1566,Gil Baroni
1567,Gil Kenan
1568,Gilbert Chan
1569,Gilles Paquet-Brenner
1570,Gillian Armstrong
1571,Gillian Robespierre
1572,Gina Prince-Bythewood
1573,Ginny Mohler
1574,Girish Joshi
1575,Girish Malik
1576,Girish Mohite
1577,Gitanjali Rao
1578,Giulia Clark
1579,Giulio Base
1580,Glen Goei
1581,Glen Keane
1582,Glen Winter
1583,Glendyn Ivin
1584,Glenn Miller
1585,Glenn Weiss
1586,Go Koga
1587,Golam Kibria Farooki
1588,Gonzalo Bendala
1589,Gonzalo López-Gallego
1590,Gordon Anderson
1591,Gordon Chan
1592,Gordon Parks
1593,Gore Verbinski
1594,Graham Phillips
1595,Graham Townsley
1596,Grand Corps Malade
1597,Grant Heslov
1598,Grant Korgan
1599,Grant S. Johnson
1600,Grant Singer
1601,Grant Sputore
1602,Greg Barker
1603,Greg Berlanti
1604,Greg Coolidge
1605,Greg Kohs
1606,Greg MacGillivray
1607,Greg McLean
1608,Greg Mottola
1609,Greg Pritikin
1610,Greg Rankin
1611,Greg Richardson
1612,Greg Strause
1613,Greg Tiernan
1614,Greg Whiteley
1615,Greg Young
1616,Gregg Bishop
1617,Gregory Caruso
1618,Gregory Hoblit
1619,Gregory Jacobs
1620,Gregory Nava
1621,Gregory Plotkin
1622,Greta Gerwig
1623,Griffin Dunne
1624,Guilherme Fontes
1625,Guillaume Pierret
1626,Guillaume Renard
1627,Guillermo Garcia
1628,Guillermo de Oliveira
1629,Guillermo del Toro
1630,Gulzar
1631,Guntur Soeharjanto
1632,Guo Jingming
1633,Gupse Özay
1634,Gurinder Chadha
1635,Gurmmeet Singh
1636,Gurudev Bhalla
1637,Gurvinder Singh
1638,Gus Van Sant
1639,Gustavo Ron
1640,Guy Ritchie
1641,Guy Vasilovich
1642,Habib Faisal
1643,Hadi El Bagoury
1644,Hadrah Daeng Ratu
1645,Haifaa Al-Mansour
1646,Haile Gerima
1647,Haissam Hussain
1648,Hajime Kamegaki
1649,Hajime Sasaki
1650,Hakan Algül
1651,Hakan Yonat
1652,Halder Gomes
1653,Halitha Shameem
1654,Hallie Meyers-Shyer
1655,Hallvard Bræin
1656,Ham Tran
1657,Hamad AlSarraf
1658,Hamisha Daryani Ahuja
1659,Han Han
1660,Han Kwang Il
1661,Han Qing
1662,Han Yan
1663,Handan İpekçi
1664,Hang-Jun Jang
1665,Hani Al-Shaibani
1666,Hani Hamdi
1667,Hannah Fidell
1668,Hannes Stöhr
1669,Hanno Olderdissen
1670,Hanns-Bruno Kammertöns
1671,Hans Petter Moland
1672,Hanung Bramantyo
1673,Hany Motawie
1674,Hao Wu
1675,Haoling Li
1676,Harald Zwart
1677,Hardik Mehta
1678,Hari Nath
1679,Hari Viswanath
1680,Harjit Singh
1681,Hark Tsui
1682,Harmony Korine
1683,Harold Becker
1684,Harold Cronk
1685,Harpeet Singh
1686,Harrison Smith
1687,Harry Baweja
1688,Harry Bradbeer
1689,Harry Chaskin
1690,Harry Elfont
1691,Harshavardhan Kulkarni
1692,Haruka Fujita
1693,Harvey Glazer
1694,Harvey Lilley
1695,Harvey Lowry
1696,Hasan Aljaberi
1697,Hasan Karacadağ
1698,Hashim Nadeem Khan
1699,Hasraf Dulull
1700,Hassan AbdulSalam
1701,Hassan Hegazy
1702,Hatem Khraiche
1703,Hayao Miyazaki
1704,Hayato Date
1705,Hayden Guppy
1706,Hayden Schlossberg
1707,Hazem Fouda
1708,He Xiaofeng
1709,Heather Walsh
1710,Heber Cannon
1711,Heidi Brandenburg
1712,Heidi Ewing
1713,Heidi Saman
1714,Heitor Dhalia
1715,Helena Bergström
1716,Helena Coan
1717,Hemambar Jasti
1718,Hemant Gaba
1719,Henri Wong
1720,Henrik Martin Dahlsbakken
1721,Henrik Ruben Genz
1722,Henry Hathaway
1723,Henry Joost
1724,Henry Sarwer-Foner
1725,Henry Selick
1726,Henry Thurlow
1727,Hepi Mita
1728,Herman Yau
1729,Hernán Guerschuny
1730,Hernán Zin
1731,Hideaki Anno
1732,Hideaki Takizawa
1733,Hideki Futamura
1734,Hidenori Inoue
1735,Hidetaka Inazuka
1736,Hikari
1737,Hikaru Toda
1738,Hiromasa Yonebayashi
1739,Hiroshi Aoyama
1740,Hiroshi Katagiri
1741,Hiroshi Yamazaki
1742,Hirotsugu Kawasaki
1743,Hiroyuki Seshita
1744,Hitoshi Namba
1745,Holger Tappe
1746,Honey Trehan
1747,Hong Khaou
1748,Hong Won-ki
1749,Hong-seon Kim
1750,Houda Benyamina
1751,Houssam El-Din Mustafa
1752,Howard Zieff
1753,Hoyt Yeatman
1754,Hrishikesh Mukherjee
1755,Hsu Chih-yen
1756,Hsu Fu-chun
1757,Hua Shan
1758,Huang Hsin-Yao
1759,Huang Jianming
1760,Huang Lei
1761,Hubert Woroniecki
1762,Hugh Stewart
1763,Hugh WIlson
1764,Hugo Stuven
1765,Hugues Nancy
1766,Husam El-Gohari
1767,Hussein El Ansary
1768,Hussein Kamal
1769,Huw Cordey
1770,Hèctor Hernández Vicens
1771,Héctor Gálvez
1772,Iain Softley
1773,Ian Barber
1774,Ian Cheney
1775,Ian Daniel
1776,Ian Edelman
1777,Ian Kirby
1778,Ian MacAllister-McDonald
1779,Ian MacNaughton
1780,Ian Nelms
1781,Ian Samuels
1782,Ibai Abad
1783,Ibrahim Bin Mohamed
1784,Icíar Bollaín
1785,Ifa Isfansyah
1786,Ifeanyi Ikpoenyi
1787,Iginio Straffi
1788,Ignacio Jaunsolo
1789,Ignacio López Escrivá
1790,Igor Kovalyov
1791,Ildiko Enyedi
1792,Ilya Naishuller
1793,Iman Brotoseno
1794,Imtiaz Ali
1795,Inas El-Degheidy
1796,Indra Kumar
1797,Indrajit Nattoji
1798,Indrasis Acharya
1799,Inma Torrente
1800,Ippsie Jones
1801,Ira Sachs
1802,Irek Dobrowolski
1803,Irwin Winkler
1804,Isa Campo
1805,Isaac Ezban
1806,Isaac Florentine
1807,Isaac Rentz
1808,Isabel Coixet
1809,Isabel Sandoval
1810,Isabelle Nanty
1811,Isaki Lacuesta
1812,Isao Yukisada
1813,Ishaan Trivedi
1814,Ishaya Bako
1815,Ishi Rudell
1816,Ismail Farouk
1817,Israel Adrián Caetano
1818,Ivan Andrew Payawal
1819,Ivan Ayr
1820,Ivan Reitman
1821,Ivan Sen
1822,Ivan Silvestrini
1823,Ivona Juka
1824,Iwao Takamoto
1825,Izidore K. Musallam
1826,Izu Ojukwu
1827,Iñaki Dorronsoro
1828,J Blakeson
1829,J. Davis
1830,J. Lee Thompson
1831,J. Michael Long
1832,J.A. Bayona
1833,J.C. Chandor
1834,J.C. Falcón
1835,J.D. Dillard
1836,J.F. Musial
1837,J.J. Abrams
1838,J.M. Berrios
1839,JJC Skillz
1840,JP Habac
1841,Jacek Koprowicz
1842,Jack C. Newell
1843,Jack Starrett
1844,Jack Zagha Kababie
1845,Jackie van Beek
1846,Jacob Joice
1847,Jacob Kornbluth
1848,Jacob LaMendola
1849,Jacob Schwab
1850,Jacqueline Monetta
1851,Jacques Cluzaud
1852,Jacques Perrin
1853,Jacqui Morris
1854,Jadesola Osiberu
1855,Jagdeep Sidhu
1856,Jaime Rayo
1857,Jaivi Dhanda
1858,Jake Paltrow
1859,Jake Szymanski
1860,Jaki Bradley
1861,Jakob Lass
1862,Jakob Schuh
1863,Jakob Verbruggen
1864,Jakub Piątek
1865,Jalil Lespert
1866,Jamal Hill
1867,Jameel Buari
1868,James Bamford
1869,James Barr
1870,James Bobin
1871,James Brown
1872,James D. Stern
1873,James Dearden
1874,James Duffy
1875,James Foley
1876,James Franco
1877,James Gunn
1878,James Haslam
1879,James Hawes
1880,James Ivory
1881,James L. Brooks
1882,James Lee
1883,James Mangold
1884,James Marsh
1885,James Mather
1886,James McTeigue
1887,James Moll
1888,James Ponsoldt
1889,James Redford
1890,James Reed
1891,James Rogan
1892,James Spinney
1893,James Sweeney
1894,James Toback
1895,James Tovell
1896,James Wan
1897,James Watkins
1898,James Wong
1899,James Woodroffe
1900,James Yukich
1901,Jami
1902,Jamie Babbit
1903,Jamie M. Dagg
1904,Jan Belcl
1905,Jan Holoubek
1906,Jan Komasa
1907,Jan Suter
1908,Jan-Peter Horns
1909,Jane Campion
1910,Janet Tobias
1911,Jang Jae-hyun
1912,Jani Lachauer
1913,Janusz Majewski
1914,Jarand Herdal
1915,Jared Hess
1916,Jared Moshé
1917,Jared Stern
1918,Jarrad Paul
1919,Jasbir Bijendra Bhati
1920,Jasmine D'Souza
1921,Jason Bourque
1922,Jason Cohen
1923,Jason Hehir
1924,Jason Iskandar
1925,Jason James
1926,Jason Krawczyk
1927,Jason Kwan
1928,Jason Lai
1929,Jason Moore
1930,Jason Orley
1931,Jason Paul Laxamana
1932,Jason Priestley
1933,Jason Reitman
1934,Jason Spingarn-Koff
1935,Jason Stone
1936,Jason Sussberg
1937,Jason Winer
1938,Jason Zada
1939,Jastis Arimba
1940,Jathin Sanker Raj
1941,Jatla Siddartha
1942,Jaume Balagueró
1943,Jaume Collet-Serra
1944,Javier Ambrossi
1945,Javier Calvo
1946,Javier Colinas
1947,Javier Gómez Santander
1948,Javier Ruiz Caldera
1949,Jay Baruchel
1950,Jay Bulger
1951,Jay Chandrasekhar
1952,Jay Chapman
1953,Jay Chou
1954,Jay Grace
1955,Jay Karas
1956,Jay Lavender
1957,Jay Lyons
1958,Jay Oliva
1959,Jay Roach
1960,Jay Russell
1961,Jay Surridge
1962,Jayan Moodley
1963,Jayan Vannery
1964,Jayaprakash Radhakrishnan
1965,Jayaraj Rajasekharan Nair
1966,Jayme Monjardim
1967,Jayson Thiessen
1968,Jazz Boon
1969,Jean-Bernard Marlin
1970,Jean-Claude Flamand-Barny
1971,Jean-Claude La Marre
1972,Jean-François Blais
1973,Jean-François Richet
1974,Jean-Loup Felicioli
1975,Jean-Marc Vallée
1976,Jean-Patrick Benes
1977,Jean-Pierre Dardenne
1978,Jean-Pierre Devillers
1979,Jean-Simon Chartier
1980,Jeannie Gaffigan
1981,Jeannot Szwarc
1982,Jedd Wider
1983,Jee-woon Kim
1984,Jeethu Joseph
1985,Jeeva
1986,Jeferson De
1987,Jeff Baena
1988,Jeff Chan
1989,Jeff Deverett
1990,Jeff Garlin
1991,Jeff Gill
1992,Jeff Margolis
1993,Jeff Newitt
1994,Jeff Nichols
1995,Jeff Orlowski
1996,Jeff Rowe
1997,Jeff Stilson
1998,Jeff Tomsic
1999,Jeff Tremaine
2000,Jeff Wadlow
2001,Jeffrey C. Bell
2002,Jeffrey Friedman
2003,Jeffrey G. Hunt
2004,Jeffrey Nachmanoff
2005,Jeffrey Schwarz
2006,Jeffrey W. Byrd
2007,Jeffrey Walker
2008,Jehane Noujaim
2009,Jelle de Jonge
2010,Jen McGowan
2011,Jenna Laurenzo
2012,Jenner Furst
2013,Jennie Livingston
2014,Jennifer Baichwal
2015,Jennifer Beamish
2016,Jennifer Brea
2017,Jennifer Kaytin Robinson
2018,Jennifer Lee
2019,Jennifer Lynch
2020,Jennifer M. Kroot
2021,Jennifer Morrison
2022,Jennifer Peedom
2023,Jennifer Phang
2024,Jennifer Siebel Newsom
2025,Jennifer Westcott
2026,Jennifer Yuh Nelson
2027,Jenny Carchman
2028,Jenny Gage
2029,Jenny Popplewell
2030,Jenée LaMarque
2031,Jeo Baby
2032,Jeon Go-woon
2033,Jeremiah Jones
2034,Jeremiah Zagar
2035,Jeremy Coon
2036,Jeremy David White
2037,Jeremy Grant
2038,Jeremy Kenyon Lockyer Corbell
2039,Jeremy Kipp Walker
2040,Jeremy Konner
2041,Jeremy Rush
2042,Jeremy Saulnier
2043,Jeremy Seifert
2044,Jericca Cleland
2045,Jerrold Tarog
2046,Jerry G. Angelo
2047,Jerry Kolber
2048,Jerry Rothwell
2049,Jerry Seinfeld
2050,Jesse Adang
2051,Jesse Allain-Marcus
2052,Jesse Gustafson
2053,Jesse Handsher
2054,Jesse Johnson
2055,Jesse Moss
2056,Jesse Peretz
2057,Jesse V. Johnson
2058,Jesse Vile
2059,Jesse Warn
2060,Jessica Yu
2061,Jessie Nelson
2062,Jesús Magaña Vázquez
2063,Jesús Torres Torres
2064,Jetarin Ratanaserikiat
2065,Jevons Au
2066,Jijo Pancode
2067,Jill Bauer
2068,Jill Culton
2069,Jim Fall
2070,Jim Field Smith
2071,Jim Gable
2072,Jim Henson
2073,Jim Hosking
2074,Jim Mickle
2075,Jim Monaco
2076,Jim Stenstrum
2077,Jim Strouse
2078,Jimmy Henderson
2079,Jitender Pawar
2080,Jitendra Tiwari
2081,Jo Sung-hee
2082,Joachim Fest
2083,Joachim Rønning
2084,Joan C. Gratz
2085,Joana Mazzucchelli
2086,Joann Sfar
2087,Joanna Lombardi
2088,Joaquín Mazón
2089,Jocelyn Moorhouse
2090,Jody Hill
2091,Jody Lambert
2092,Joe Alves
2093,Joe Berlinger
2094,Joe Boyd
2095,Joe Camp
2096,Joe Dante
2097,Joe DeMaio
2098,Joe Dietsch
2099,Joe Johnston
2100,Joe Ksander
2101,Joe Lynch
2102,Joe Mantello
2103,Joe Menendez
2104,Joe Miale
2105,Joe Murray
2106,Joe Nussbaum
2107,Joe Penna
2108,Joe Piscatella
2109,Joe Robert Cole
2110,Joe Roth
2111,Joe Russo
2112,Joe Swanberg
2113,Joe Wright
2114,Joel Coen
2115,Joel Crawford
2116,Joel Gallen
2117,Joel Hopkins
2118,Joel Oliansky
2119,Joel Schumacher
2120,Joey Curtis
2121,Joey Kern
2122,Joey So
2123,Johan Brisinger
2124,Johan Vorster
2125,Johane Matte
2126,Johanna Demetrakas
2127,Johannes Roberts
2128,John A. Davis
2129,John Asher
2130,John Banas
2131,John Barnard
2132,John Bridcut
2133,John Butler
2134,John Carchietta
2135,John Crowley
2136,John Curran
2137,John Dahl
2138,John Dower
2139,John Duigan
2140,John Edginton
2141,John Erick Dowdle
2142,John Ford
2143,John Fortenberry
2144,John G. Avildsen
2145,John H. Lee
2146,John Haptas
2147,John Herzfeld
2148,John Hillcoat
2149,John Hoffman
2150,John Hughes
2151,John Huston
2152,John Irvin
2153,John Kahrs
2154,John L. Spencer
2155,John Lee
2156,John Lee Hancock
2157,John Luessenhop
2158,John Lyde
2159,John Maclean
2160,John Madden
2161,John Michael McDonagh
2162,John Mikulak
2163,John Milius
2164,John Mitchell
2165,John Murlowski
2166,John Musker
2167,John Papola
2168,John Patrick Shanley
2169,John Paul Tremblay
2170,John Putch
2171,John R. Leonetti
2172,John Rice
2173,John Ridley
2174,John Sanford
2175,John Scheinfeld
2176,John Schultz
2177,John Smithson
2178,John Stephenson
2179,John Stevenson
2180,John Stewart Muller
2181,John Stockwell
2182,John Sturges
2183,John Suits
2184,John Trengove
2185,John Upchurch
2186,John Voorhees
2187,John Wells
2188,John Whitesell
2189,John Woo
2190,Johnnie To
2191,Johnny Breedt
2192,Johnny Castuciano
2193,Johnny Kevorkian
2194,Johnny Martin
2195,Johnny To
2196,Johnson Esthappan
2197,Jon Alpert
2198,Jon Avnet
2199,Jon Carey
2200,Jon Favreau
2201,Jon Freeman
2202,Jon Garaño
2203,Jon Greenhalgh
2204,Jon Gunn
2205,Jon Hurwitz
2206,Jon Izen
2207,Jon J. Whelan
2208,Jon Lucas
2209,Jon M. Chu
2210,Jon Manning
2211,Jon Olb
2212,Jon Reiner
2213,Jon Rosenbaum
2214,Jon Rudberg
2215,Jon Schnitzer
2216,Jon Shenk
2217,Jon Spira
2218,Jon Turteltaub
2219,Jon Watts
2220,Jon YonKondy
2221,Jonathan A. Rosenbaum
2222,Jonathan Augustin
2223,Jonathan Baker
2224,Jonathan Clay
2225,Jonathan Demme
2226,Jonathan Glazer
2227,Jonathan Helpert
2228,Jonathan Hensleigh
2229,Jonathan Ignatius Green
2230,Jonathan Levine
2231,Jonathan Liebesman
2232,Jonathan Lynn
2233,Jonathan Milott
2234,Jonathan Mostow
2235,Jonathan Sobol
2236,Jonathan Taylor
2237,Jonathan Teplitzky
2238,Jonathan van Tulleken
2239,Jonathon Link
2240,Jonnie Hughes
2241,Jonás Trueba
2242,Joram Lürsen
2243,Jordan Brady
2244,Jordan Ross
2245,Jordana Spiro
2246,Jordi Llompart
2247,Jorge Blanco
2248,Jorge Granier
2249,Jorge Hernandez Aldana
2250,Jorge M. Fontana
2251,Jorge Michel Grau
2252,Joris Ivens
2253,Jos Humphrey
2254,Jose Gomez
2255,Jose Javier Reyes
2256,Jose Manuel Colón
2257,Jose Mari Goenaga
2258,Joseduardo Giordano
2259,Josef Fares
2260,Joseph Chou
2261,Joseph Cross
2262,Joseph Hsu
2263,Joseph Mbah
2264,Joseph Ruben
2265,Joseph Sargent
2266,Josh Alexander
2267,Josh Aronson
2268,Josh Greenbaum
2269,Josh Izenberg
2270,Josh Koury
2271,Josh Lowell
2272,Josh Mendoza
2273,Josh Safdie
2274,Josh Vietze
2275,Josh Wakely
2276,Josh Webber
2277,Josh Z. Weinstein
2278,Joshua Brown
2279,Joshua Caldwell
2280,Joshua Marston
2281,Joshua Oppenheimer
2282,Joshua Rofé
2283,Joshua Tickell
2284,Joshua Z. Weinstein
2285,Joshua Zeman
2286,Josiah Ng
2287,José Eduardo Belmonte
2288,José Larraza
2289,José Luis Gutiérrez
2290,José Luis Ucha
2291,José Miguel Contreras
2292,José Ortuño
2293,Jota Linares
2294,Jovanka Vuckovic
2295,Joyce Bernal
2296,Juan Antin
2297,Juan Antonio de la Riva
2298,Juan Camilo Pinzon
2299,Juan Carlos Medina
2300,Juan Carlos Rulfo
2301,Juan José Campanella
2302,Juan Manuel Cotelo
2303,Juan Pablo Buscarini
2304,Juan Pablo Rebella
2305,Juan Stadler
2306,Juan Zapata
2307,Juani Libonatti
2308,Judah Friedlander
2309,Jude Okwudiafor Johnson
2310,Jude Weng
2311,Julia Hart
2312,Julia Knowles
2313,Julia Reichert
2314,Julia Willoughby Nason
2315,Julia von Heinz
2316,Julian Jarrold
2317,Julian Schnabel
2318,Juliana Vicente
2319,Julie Dash
2320,Julie Taymor
2321,Julien Abraham
2322,Julien Christian Lutz
2323,Julien Leclercq
2324,Julien Rambaldi
2325,Julien Royal
2326,Julien Seri
2327,Julien War
2328,Juliet May
2329,Julio Fernández Talamantes
2330,Julio Medem
2331,Julio Quintana
2332,Julius Avery
2333,Julius Onah
2334,Julius R. Nasso
2335,Julián Gaviria
2336,Julián Hernández
2337,July Hygreck
2338,Jumpei Mizusaki
2339,Jun Falkenstein
2340,Jun Lana
2341,Jun-seong Kim
2342,Jung Ji-woo
2343,Jung-ah Im
2344,Jung-woo Park
2345,Junichi Sato
2346,Junior Carelli
2347,Juraj Šajmovič
2348,Just Philippot
2349,Justin Baldoni
2350,Justin Bare
2351,Justin Benson
2352,Justin Chadwick
2353,Justin Chon
2354,Justin G. Dyck
2355,Justin Kelly
2356,Justin Krook
2357,Justin Lee
2358,Justin McConnell
2359,Justin P. Lange
2360,Justin Pemberton
2361,Justin Webster
2362,Jérémie Degruson
2363,Jérémie Levypon
2364,Jérémy Clapin
2365,Jørgen Lerdam
2366,K. Gopinathan
2367,K. Rajagopal
2368,K. Ramanlal
2369,K. Subhash
2370,K.C. Bokadia
2371,K.S. Ravikumar
2372,KVR Mahendra
2373,Kaashvie Nair
2374,Kabir Bhatia
2375,Kabir Khan
2376,Kabir Sadanand
2377,Kader Aoun
2378,Kagiso Lediga
2379,Kaila York
2380,Kaizad Gustad
2381,Kalvadour Peterson
2382,Kamal Sahani
2383,Kang Cheng
2384,Kanika Batra
2385,Kanwal Sethi
2386,Karan Anshuman
2387,Karan Bali
2388,Karan Johar
2389,Karan Lalit Butani
2390,Karan Malhotra
2391,Karan Shivajirao Chavan
2392,Kareem Tabsch
2393,Karen J. Lloyd
2394,Karen Maine
2395,Karen Moncrieff
2396,Karey Kirkpatrick
2397,Karim Amer
2398,Karim El Shenawy
2399,Karim El Sobky
2400,Karl Mueller
2401,Karsten Kiilerich
2402,Karthik Narain
2403,Karthik Subbaraj
2404,Karyn Kusama
2405,Kasia Uscinska
2406,Kaspar Astrup Schröder
2407,Kasper Barfoed
2408,Kasper Collin
2409,Kasra Farahani
2410,Katarina Launing
2411,Kate Horne
2412,Kate Melville
2413,Kate Mulleavy
2414,Katherine Brooks
2415,Katherine Dieckmann
2416,Katherine Fairfax Wright
2417,Kathleen Hepburn
2418,Kathryn Bigelow
2419,Kathryn Fasegha
2420,Katia Lund
2421,Katleho Ramaphakela
2422,Katy Chevigny
2423,Kavi Raz
2424,Kayode Kasum
2425,Kayoze Irani
2426,Kazuaki Kiriya
2427,Kazuchika Kise
2428,Kazumi Fukushima
2429,Kazuya Murata
2430,Kazuya Tsurumaki
2431,Keanu Reeves
2432,Kedar Shinde
2433,Keegan Kuhn
2434,Keenen Ivory Wayans
2435,Keerthi
2436,Kees Van Oostrum
2437,Keiichi Hara
2438,Keiichi Sato
2439,Keiko Yagi
2440,Keishi Otomo
2441,Keith Fulton
2442,Keith L. Smith
2443,Keith Malloy
2444,Keith Scholey
2445,Kelly Duane de la Vega
2446,Kelly Fremon Craig
2447,Kelly Noonan
2448,Kelly Reichardt
2449,Kemi Adetiba
2450,Ken Barbet
2451,Ken Burns
2452,Ken Cunningham
2453,Ken Ghosh
2454,Ken Hughes
2455,Ken Kushner
2456,Ken Kwapis
2457,Ken Loach
2458,Ken Marino
2459,Kenneth Gyang
2460,Kenneth Müller
2461,Kenny Leon
2462,Kenny Ortega
2463,Kenny Young
2464,Kenzo Maihara
2465,Keoni Waxman
2466,Kepa Sojo
2467,Kery James
2468,Ketan Mehta
2469,Ketche
2470,Kevan Peterson
2471,Kevin Booth
2472,Kevin Bray
2473,Kevin Costner
2474,Kevin Derek
2475,Kevin Deters
2476,Kevin Donovan
2477,Kevin Ford
2478,Kevin Hooks
2479,Kevin Johnson
2480,Kevin Ko
2481,Kevin Kolsch
2482,Kevin Layne
2483,Kevin Lima
2484,Kevin MacDonald
2485,Kevin Macdonald
2486,Kevin McManus
2487,Kevin Munroe
2488,Kevin Pang
2489,Kevin Peaty
2490,Kevin Peeples
2491,Kevin Phillips
2492,Kevin Pollak
2493,Kevin R. Adams
2494,Kevin Reynolds
2495,Kevin Smith
2496,Kevin Wotton
2497,Khaled El Halafawy
2498,Khaled Marei
2499,Khaled Youssef
2500,Khalid Kashogi
2501,Khalid Mohamed
2502,Khalid Rahman
2503,Kheiron
2504,Kief Davidson
2505,Kieran Darcy-Smith
2506,Kike Maíllo
2507,Kiki Goshay
2508,Kiko Cruz Claverol
2509,Kiko Mistrorigo
2510,Kim A. Snyder
2511,Kim Dong-kyu
2512,Kim Jee-woon
2513,Kim Jong-kwan
2514,Kim Joo-hyung
2515,Kim Nguyen
2516,Kim Seong-hun
2517,Kim Sung-hoon
2518,Kim Tae-hyung
2519,Kimmy Gatewood
2520,Kimo Stamboel
2521,Kingsley Ogoro
2522,Kinka Usher
2523,Kip Andersen
2524,Kiran Narayanan
2525,Kiran Rao
2526,Kirati Nakintanon
2527,Kirby Dick
2528,Kireet Khurana
2529,Kirk De Micco
2530,Kirk DeMicco
2531,Kirk Wise
2532,Kirk Wolfinger
2533,Kirsten Johnson
2534,Kitaro Kosaka
2535,Kittiphak Thonguam
2536,Kitty Green
2537,Klaus Erik Okstad
2538,Kobun Shizuno
2539,Koichi Mashimo
2540,Koichi Sakamoto
2541,Koji Morimoto
2542,Koji Sawai
2543,Kongkiat Khomsiri
2544,Kongkiat Komesiri
2545,Kookie V. Gulati
2546,Kornél Mundruczó
2547,Kranthi Madhav
2548,Kranti Kanade
2549,Kranti Redkar
2550,Kris Pearn
2551,Krish
2552,Krishna Agazzi
2553,Krishna D.K.
2554,Krishna Vamshi
2555,Krishnendu Chattopadhyay
2556,Kristian Levring
2557,Kristian Mercado
2558,Kristin Hanggi
2559,Kristina Goolsby
2560,Kristine Samuelson
2561,Kristine Stolakis
2562,Krysia Plonka
2563,Krzysztof Zanussi
2564,Ksshitij Chaudhary
2565,Kubhaer T. Jethwani
2566,Kubilay Sarikaya
2567,Kumaran
2568,Kunal Deshmukh
2569,Kunal Kohli
2570,Kundan Shah
2571,Kunihiko Yuyama
2572,Kunle Afolayan
2573,Kuntz Agus
2574,Kurt Voelker
2575,Kurt Wimmer
2576,Kushal Srivastava
2577,Kwabena Gyansah
2578,Kyle Balda
2579,Kyle Newacheck
2580,Kyle Newman
2581,Kyle Patrick Alvarez
2582,Kyle Rankin
2583,Kyle Rideout
2584,Kyohei Ishiguro
2585,Kyoko Miyake
2586,Kyran Kelly
2587,Kyung Ho Lee
2588,Kyzza Terrazas
2589,Kıvanç Baruönü
2590,L. Frazier
2591,LP
2592,Ladislaus Kiraly
2593,Lai Chun-yu
2594,Lana Wachowski
2595,Lana Wilson
2596,Lance Bangs
2597,Lance Daly
2598,Lance Hool
2599,Lance Young
2600,Lara Saba
2601,Larry Elikann
2602,Larry Latham
2603,Lars Büchel
2604,Lars Kaalund
2605,Lars Klevberg
2606,Lars von Trier
2607,Lasja Fauzia Susatyo
2608,Lasse Hallström
2609,Latif Faiziyev
2610,Laura Alvea
2611,Laura Brownson
2612,Laura Fairrie
2613,Laura Mañá
2614,Laura Mulleavy
2615,Laura Terruso
2616,Laura VanZee Taylor
2617,Lauren Hoekstra
2618,Lauren MacMullan
2619,Lauren Miller Rogen
2620,Laurent Bouzereau
2621,Laurent Cantet
2622,Law Wing-cheong
2623,Lawrence Cheng
2624,Lawrence Kasdan
2625,Laxman Utekar
2626,Laïla Marrakchi
2627,Le Van Kiet
2628,Lea Glob
2629,Leandro Mark
2630,Leandro Neri
2631,Leanne Gater
2632,Lee Chang-dong
2633,Lee Chung-hyun
2634,Lee Daniels
2635,Lee Eung-bok
2636,Lee Fulkerson
2637,Lee Hirsch
2638,Lee Jeong-beom
2639,Lee Kae-byeok
2640,Lee Kirk
2641,Lee Kyoungmi
2642,Lee Seung-won
2643,Lee Tamahori
2644,Lee Toland Krieger
2645,Lee Yoon-jung
2646,Leena Yadav
2647,Leif Tilden
2648,Leigh Janiak
2649,Lekh Tandon
2650,Leli Maki
2651,Len Wiseman
2652,Lena Khan
2653,Lenin Bharathi
2654,Lennart Ruff
2655,Lenny Abrahamson
2656,Leo Riley
2657,Leopoldo Aguilar
2658,Les Mayfield
2659,Lesli Linka Glatter
2660,Leslie Iwerks
2661,Leslie Knott
2662,Leslie Small
2663,Leslye Davis
2664,Leslye Headland
2665,Lester Hsi
2666,Leticia Jorge Romero
2667,Letizia Lamartire
2668,Leung Lok Man
2669,Lev L. Spiro
2670,Levan Gabriadze
2671,Levan Tsikurishvili
2672,Lewis Milestone
2673,Leïla Sy
2674,Li Jun
2675,Li Pei-Chuan
2676,Li Weiran
2677,Liam Lynch
2678,Liam O'Donnell
2679,Liao Shih-han
2680,Lijo Jose Pellissery
2681,Lilibet Foster
2682,Lilly Wachowski
2683,Limbert Fabian
2684,Lin Guan-fu
2685,Lin Oeding
2686,Lina Al Abed
2687,Linas Phillips
2688,Linda Korsten
2689,Linda Mendoza
2690,Linda Otto
2691,Linda Saffire
2692,Lindsey Cordero
2693,Lionel C. Martin
2694,Lisa Arnold
2695,Lisa Cortés
2696,Liu Bang-yao
2697,Liu Jiang
2698,Liu Jie
2699,Liu Kuang-hui
2700,Liu Yi
2701,Liv Ullmann
2702,Liz Garbus
2703,Liz Plonka
2704,Llewellyn M. Smith
2705,Lluís Quílez
2706,Logan Kibens
2707,Lone Scherfig
2708,Lonny Price
2709,Lonzo Nzekwe
2710,Lorena Munoz
2711,Lorene Machado
2712,Lorene Scafaria
2713,Lori Kaye
2714,Lotje Sodderland
2715,Louie Gibson
2716,Louie Psihoyos
2717,Louie Schwartzberg
2718,Louis C.K.
2719,Louis J. Horvitz
2720,Louis Leterrier
2721,Louis Pepe
2722,Louise Alston
2723,Louise Wardle
2724,Lu Yang
2725,Luc Dardenne
2726,Luc Vinciguerra
2727,Luca Vullo
2728,Lucas Figueroa
2729,Lucas Margutti
2730,Lucas Santa Ana
2731,Luciano Vidigal
2732,Lucien Bourjeily
2733,Lucien Jean-Baptiste
2734,Lucky Kuswandi
2735,Lucy Cohen
2736,Lucy van Beek
2737,Ludovic Bernard
2738,Ludovico Di Martino
2739,Luis A. Scalella
2740,Luis Alberto Restrepo
2741,Luis Alejandro Pérez
2742,Luis Alfaro
2743,Luis Ara
2744,Luis Estrada
2745,Luis Javier Henaine
2746,Luis Javier M. Henaine
2747,Luis Lopez
2748,Luis Mandoki
2749,Luis Prieto
2750,Luis Valdez
2751,Luk Kim-ching
2752,Lukas Dhont
2753,Lukasz Kosmicki
2754,Luke Holland
2755,Luke Jurevicius
2756,Luke Kenny
2757,Luke Radford
2758,Luke Snellin
2759,Luke Sparke
2760,Luv Ranjan
2761,Lydia Dean Pilcher
2762,Lydia Tenaglia
2763,Lygia Barbosa da Silva
2764,Lynn Novick
2765,Lynn Shelton
2766,Lyric R. Cabral
2767,Lô Politi
2768,M. Night Shyamalan
2769,M.J. Bassett
2770,M.J. Isakson
2771,M.S. Prem Nath
2772,MIKIKO
2773,Maciej Dejczer
2774,Maclain Way
2775,Macon Blair
2776,Madeleine Gavin
2777,Madeleine Parry
2778,Madeleine Sami
2779,Madhumita
2780,Madhur Bhandarkar
2781,Madonna
2782,Madonne Ashwin
2783,Mads Matthiesen
2784,Mae Czarina Cruz
2785,Mag Hsu
2786,Magdy Al-Hawwary
2787,Magnus Martens
2788,Maha Venkatesh
2789,Mahesh Bhatt
2790,Mahesh Manjrekar
2791,Mahin Ibrahim
2792,Mahmood Ali-Balogun
2793,Mahmood Farooqui
2794,Mahmoud Karim
2795,Mahmoud Sabbagh
2796,Mahmoud al Massad
2797,Mahmudul Islam
2798,Mahsun Kırmızıgül
2799,Maite Ruiz De Austri
2800,Majid Al Ansari
2801,Majid Majidi
2802,Makarand Mane
2803,Makoto Hanafusa
2804,Makoto Shinkai
2805,Malcolm D. Lee
2806,Malik Bendjelloul
2807,Malik Nejer
2808,Malik Vitthal
2809,Mamat Khalid
2810,Mamoru Hosoda
2811,Mamoru Oshii
2812,Mana Yasuda
2813,Manatsanun Phanlerdwongsakul
2814,Manav Shah
2815,Manbhavan Singh
2816,Mandeep Kumar
2817,Mandie Fletcher
2818,Mandla Dube
2819,Mangesh Hadawale
2820,Mangesh Kanthale
2821,Mani Ratnam
2822,Manika Sharma
2823,Manish Gupta
2824,Manish Jha
2825,Manish Saini
2826,Manish Tiwary
2827,Manjari Makijany
2828,Manjeet Maan
2829,Manjeet Singh
2830,Manmohan Desai
2831,Manny Rodriguez
2832,Manoj Beedha
2833,Manolo Caro
2834,Manop Janjarasskul
2835,Mansore
2836,Manu Ashokan
2837,Manuel Alcalá
2838,Manuel Martín Cuenca
2839,Manussa Vorasingha
2840,Mar Targarona
2841,Maradona Dias Dos Santos
2842,Marc Abraham
2843,Marc Forster
2844,Marc Fouchard
2845,Marc Francis
2846,Marc Levin
2847,Marc Meyers
2848,Marc Pons
2849,Marc Vigil
2850,Marc-Antoine Hélard
2851,Marcel Barrena
2852,Marcelo Altmark
2853,Marcelo Galvão
2854,Marcelo González
2855,Marcelo Piñeyro
2856,Marco Bonfanti
2857,Marco Deufemia
2858,Marco Dutra
2859,Marco Petry
2860,Marco Pontecorvo
2861,Marco Risi
2862,Marco Schnabel
2863,Marcos Bucay
2864,Marcos Carnevale
2865,Marcus Clarke
2866,Marcus Nispel
2867,Marcus Raboy
2868,Marek Kanievska
2869,Marek Losey
2870,Marek Piwowski
2871,Maria Burton
2872,Maria Demeshkina Peek
2873,Maria Pulera
2874,Maria Ripoll
2875,Maria Sadowska
2876,Mariah Moore
2877,Mariana Tschudi
2878,Marianna Palka
2879,Mariano Baez
2880,Mariano Barroso
2881,Mariano Cohn
2882,Mariano Mucci
2883,Maribel Sánchez-Maroto
2884,Marie Clements
2885,Marie Madinier
2886,Marina Seresesky
2887,Marina Willer
2888,Marina Zenovich
2889,Mario Briongos
2890,Mario Cambi
2891,Mario Mattei
2892,Mario Miscione
2893,Mario Rouleau
2894,Mario Van Peebles
2895,Maris Curran
2896,Marita Grabiak
2897,Marius Arnesen
2898,Marja Lewis Ryan
2899,Mark A.Z. Dippé
2900,Mark Columbus
2901,Mark Craig
2902,Mark Dennis
2903,Mark Dindal
2904,Mark Franchetti
2905,Mark Harris
2906,Mark Helenowski
2907,Mark Helfrich
2908,Mark Henn
2909,Mark Herman
2910,Mark Landre Gould
2911,Mark Lewis
2912,Mark Lo
2913,Mark McQueen
2914,Mark Murphy
2915,Mark Neveldine
2916,Mark O'Connor
2917,Mark Osborne
2918,Mark Palansky
2919,Mark Radice
2920,Mark Raso
2921,Mark Risley
2922,Mark Ritchie
2923,Mark Rosman
2924,Mark Sloper
2925,Mark Steven Johnson
2926,Mark Thornton
2927,Mark Tonderai
2928,Mark Waters
2929,Mark Williams
2930,Mark Zwonitzer
2931,Marla M. Ancheta
2932,Marlene Melchior
2933,Maroun Baghdadi
2934,Marston Sawyers
2935,Marta Jaenes
2936,Martha Coolidge
2937,Marti Noxon
2938,Martin Brest
2939,Martin Campbell
2940,Martin Desmond Roe
2941,Martin Gorst
2942,Martin Hodara
2943,Martin Lawrence
2944,Martin Prakkat
2945,Martin Rosete
2946,Martin Scorsese
2947,Martin Wood
2948,Martin Zandvliet
2949,Marty Callner
2950,Marty Stalker
2951,Martín Sastre
2952,Marwan Hamed
2953,Marwan Nabil
2954,Mary Harron
2955,Mary Lambert
2956,Mary Mazzio
2957,Maryo J. De los Reyes
2958,María Jose Cuevas
2959,Masaaki Yuasa
2960,Masahiko Murata
2961,Masaru Matsumoto
2962,Massimiliano Camaiti
2963,Massy Tadjedin
2964,Mastan Alibhai Burmawalla
2965,Mat King
2966,Mat Whitecross
2967,Matei Dima
2968,Mateo Gil
2969,Matheus Souza
2970,Mathew Orzel
2971,Mathias Malzieu
2972,Mathieu Auvray
2973,Mathieu Kassovitz
2974,Mati Diop
2975,Matias Mariani
2976,Matt Angel
2977,Matt Aselton
2978,Matt Askem
2979,Matt Bell
2980,Matt D'Avella
2981,Matt D'Elia
2982,Matt Eskandari
2983,Matt Kay
2984,Matt Kugelman
2985,Matt Ogens
2986,Matt Palmer
2987,Matt Piedmont
2988,Matt Reeves
2989,Matt Ross
2990,Matt Shakman
2991,Matt Thompson
2992,Matt Toronto
2993,Matt Tyrnauer
2994,Matt Wechsler
2995,Matt Whitlock
2996,Matthew Atkinson
2997,Matthew Cooke
2998,Matthew Heineman
2999,Matthew Hope
3000,Matthew McManus
3001,Matthew McNeil
3002,Matthew Michael Carnahan
3003,Matthew Miele
3004,Matthew O'Callaghan
3005,Matthew Robinson
3006,Matthew Ross
3007,Matthew Salleh
3008,Matthew Shoychet
3009,Matthew Vaughn
3010,Matthias Hoene
3011,Matías Bize
3012,Matías Gueilburt
3013,Mauricio Dias
3014,Mauro Scandolari
3015,Max Amini
3016,Max Jabs
3017,Max Joseph
3018,Max Lang
3019,Max Martini
3020,Max McGill
3021,Max Pugh
3022,Maximilian Erlenwein
3023,Maxwell McGuire
3024,Maya Forbes
3025,Maya Gallus
3026,Maya Zinshtein
3027,Mayye Zayed
3028,Maz Jobrani
3029,Maïa Sandoz
3030,Maïmouna Doucouré
3031,Maïwenn
3032,McG
3033,Meenu Gaur
3034,Megan Siler
3035,Megha Ramaswamy
3036,Meghan O'Hara
3037,Mehdi Idir
3038,Mehmet Ada Öztekin
3039,Meisa Felaroze
3040,Mel Smith
3041,Mel Stuart
3042,Melanie Mayron
3043,Melinda Janko
3044,Meltem Bozoflu
3045,Meng Hua Ho
3046,Merawi Gerima
3047,Mercedes Cordova
3048,Meshal Aljaser
3049,Mez Tharatorn
3050,Mfanelo Ngoma
3051,Mic Rodgers
3052,Micah Bickham
3053,Michael A. Nickles
3054,Michael Anderson
3055,Michael Apted
3056,Michael Arias
3057,Michael Barnett
3058,Michael Barrett
3059,Michael Bay
3060,Michael Blieden
3061,Michael Bonfiglio
3062,Michael Buster
3063,Michael Carney
3064,Michael Civille
3065,Michael Cristofer
3066,Michael Cuesta
3067,Michael Cumming
3068,Michael Curtiz
3069,Michael D. Black
3070,Michael Damian
3071,Michael Del Monte
3072,Michael Doneger
3073,Michael Dowse
3074,Michael Drumm
3075,Michael Duggan
3076,Michael Epstein
3077,Michael Fahey
3078,Michael Feifer
3079,Michael Fimognari
3080,Michael G. Kehoe
3081,Michael Gallagher
3082,Michael Goguen
3083,Michael Govier
3084,Michael Harte
3085,Michael J. Bassett
3086,Michael Jai White
3087,Michael James Regan
3088,Michael John Warren
3089,Michael Jones
3090,Michael Kampa
3091,Michael Kennedy
3092,Michael Larnell
3093,Michael Lennox
3094,Michael Lockshin
3095,Michael M. Scott
3096,Michael Margolis
3097,Michael Martin
3098,Michael Mason
3099,Michael Mayer
3100,Michael Mazzola
3101,Michael McKay
3102,Michael McNamara
3103,Michael Patrick King
3104,Michael Paul Stephenson
3105,Michael Petroni
3106,Michael Pitiot
3107,Michael Polish
3108,Michael Pressman
3109,Michael Radford
3110,Michael Ritchie
3111,Michael Roberts
3112,Michael Rymer
3113,Michael Samuels
3114,Michael Schmitt
3115,Michael Seater
3116,Michael Showalter
3117,Michael Simon
3118,Michael Socha
3119,Michael Spierig
3120,Michael Steed
3121,Michael Steiner
3122,Michael Thelin
3123,Michael Tiddes
3124,Michael Tolajian
3125,Michael Ware
3126,Michael Wech
3127,Michael Whitton
3128,Michael Winnick
3129,Michael Winterbottom
3130,Michał Tylka
3131,Michel Gondry
3132,Michel Hazanavicius
3133,Michel Tikhomiroff
3134,Michelle Bello
3135,Michelle Caputo
3136,Michelle Esrick
3137,Michelle Johnston
3138,Michelle MacLaren
3139,Michihito Fujii
3140,Michèle Ohayon
3141,Mick Grogan
3142,Mickey Fonseca
3143,Mickey Liddell
3144,Midhun Manuel Thomas
3145,Miguel Alexandre
3146,Miguel Arteta
3147,Miguel Cohan
3148,Miguel Conde
3149,Miguel Ángel Lamata
3150,Miguel Ángel Vivas
3151,Mijke de Jong
3152,Mika Kaurismäki
3153,Mikael Håfström
3154,Mike Binder
3155,Mike Birbiglia
3156,Mike Clattenburg
3157,Mike Disa
3158,Mike Diva
3159,Mike Doyle
3160,Mike Elliott
3161,Mike Ezuruonye
3162,Mike Fetterly
3163,Mike Flanagan
3164,Mike Fleiss
3165,Mike Gabriel
3166,Mike Gunther
3167,Mike Hodges
3168,Mike Judge
3169,Mike McCoy
3170,Mike Mills
3171,Mike Myhre
3172,Mike Newell
3173,Mike Nicoll
3174,Mike Rianda
3175,Mike Rohl
3176,Mike Rossiter
3177,Mike Smith
3178,Mike Wiluan
3179,Mikhail Red
3180,Mikhil Musale
3181,Milan Luthria
3182,Milind Dhaimade
3183,Milind Rau
3184,Milla Harrison-Hansley
3185,Milton Horowitz
3186,Milton Kremer
3187,Mimi Leder
3188,Mina Shum
3189,Mir Mukarram Hossain
3190,Mir-Jean Bou Chaaya
3191,Miranda de Pencier
3192,Miriam Chandy Menacherry
3193,Mitch Dickman
3194,Mitch Gould
3195,Mitch Schauer
3196,Mitzi Vanessa Arreola
3197,Moataz El Tony
3198,Mohamed Diab
3199,Mohamed Hamdy
3200,Mohamed Khan
3201,Mohamed Mostafa
3202,Mohamed Samy
3203,Mohamed Yassin
3204,Mohamed al Salman
3205,Mohammad Adel
3206,Mohammad Irfan Ramly
3207,Mohammed Alhmly
3208,Mohammed El-Tahawy
3209,Mohammed Hussain
3210,Mohammed Saeed Harib
3211,Mohd Khairul Azri Bin Md Noor
3212,Mohit Suri
3213,Mohsin Ali
3214,Moinak Biswas
3215,Momoko Kamiya
3216,Mona Achache
3217,Monica Floyd
3218,Monika Mitchell
3219,Monique Gardenberg
3220,Monière
3221,Monty Tiwa
3222,Morgan Ingari
3223,Morgan Matthews
3224,Morgan Neville
3225,Morgan Pehme
3226,Morgan Spurlock
3227,Moses Inwang
3228,Mostafa Abu Seif
3229,Mostofa Sarwar Farooki
3230,Moto Sakakibara
3231,Motonori Sakakibara
3232,Moyoung Jin
3233,Mozez Singh
3234,Mrighdeep Singh Lamba
3235,Mu Chu
3236,Muh Chen
3237,Muhammad Ali
3238,Muhammad Fadl
3239,Muharrem Gülmez
3240,Mukesh Vohra
3241,Mukul Anand
3242,Munish Bhardwaj
3243,Munjal Shroff
3244,Murat Kepez
3245,Musing Derrick
3246,Musthafa
3247,Muzi Mthembu
3248,Myles Kane
3249,Myriam Aziza
3250,Myriam Fares
3251,Mysskin
3252,Måns Herngren
3253,Måns Mårlind
3254,Müfit Can Saçıntı
3255,N. Chandra
3256,N. Linguswamy
3257,N.D. Wilson
3258,Na Hyeon
3259,Nabil Ayouch
3260,Nacho G. Velilla
3261,Nadia Hallgren
3262,Nadine Ibrahim
3263,Nag Ashwin
3264,Nagesh Kukunoor
3265,Nagraj Manjule
3266,Najwa Najjar
3267,Nakul Singh Sawhney
3268,Nalan Kumarasamy
3269,Nam Ron
3270,Naman Nitin Mukesh
3271,Namcito
3272,Nana Ekvtimishvili
3273,Nancy Florence Savard
3274,Nancy Meyers
3275,Nancy Schwartzman
3276,Nandita Das
3277,Nanette Burstein
3278,Nanfu Wang
3279,Naoko Yamada
3280,Naoto Amazutsumi
3281,Narendra Nath
3282,Naresh Saigal
3283,Naseef Yusuf Izuddin
3284,Natalia Garagiola
3285,Natalia Valdebenito
3286,Natalie Portman
3287,Natasha Lyonne
3288,Nate Adams
3289,Nathan Greno
3290,Nathan Ives
3291,Nathan Landeg
3292,Nathan Morlando
3293,Nathan Wiley
3294,Nathanael Wiseman
3295,Nathaniel Warsh
3296,Nattawut Poonpiriya
3297,Navaniat Singh
3298,Navdeep Singh
3299,Navinder Pal Singh
3300,Navjot Gulati
3301,Navneet Behal
3302,Navot Papushado
3303,Nawapol Thamrongrattanarit
3304,Naya Anindita
3305,Neal Brennan
3306,Neeraj Ghaywan
3307,Neeraj Pandey
3308,Neeraj Udhwani
3309,Neeraj Vora
3310,Neil Armfield
3311,Neil Jordan
3312,Neil LaBute
3313,Neil Rawles
3314,Neil Triffett
3315,Neill Blomkamp
3316,Nekfeu
3317,Nelson McCormick
3318,Neri Parenti
3319,Neslihan Yesilyurt
3320,Neville Shah
3321,Ng Ka-Leung
3322,Nguyen Thanh Tung
3323,Nia Dinata
3324,Niall Johnson
3325,Nibal Arakji
3326,Nic Mathieu
3327,Nicanor Loreti
3328,Nicholas Hytner
3329,Nicholas Kharkongor
3330,Nicholas McCarthy
3331,Nicholas Ray
3332,Nicholas Stoller
3333,Nicholas Winter
3334,Nicholas Zeig-Owens
3335,Nicholas de Pencier
3336,Nicholaus Goossen
3337,Nick Broomfield
3338,Nick Cassavetes
3339,Nick Castle
3340,Nick Davis
3341,Nick Gomez
3342,Nick Mead
3343,Nick Moore
3344,Nick Rowland
3345,Nick Simon
3346,Nicky Slimting Walker
3347,Nicol Paone
3348,Nicolas Brossette
3349,Nicolas Cotto
3350,Nicolas Lopez
3351,Nicolas Pesce
3352,Nicolas Winding Refn
3353,Nicole Conn
3354,Nicole Holofcener
3355,Nicolás López
3356,Nicolás Silbert
3357,Nidhi Sharma
3358,Niels Arden Oplev
3359,Nik Amir Mustapha
3360,Nikhil Advani
3361,Nikhil Nagesh Bhat
3362,Nikhil Pherwani
3363,Niki Caro
3364,Nikkhil Advani
3365,Nila Madhab Panda
3366,Nils Tavernier
3367,Nima Nourizadeh
3368,Nimród Antal
3369,Nina Paley
3370,Nina Wels
3371,Nirpal Bhogal
3372,Nishanth Ravindaran
3373,Nisheeta Keni
3374,Nishikant Kamat
3375,Nishil Sheth
3376,Nitesh Tiwari
3377,Niyi Akinmolayan
3378,Nizar Shafi
3379,Noah Baumbach
3380,Noah Moskin
3381,Noam Murro
3382,Nobuyuki Takeuchi
3383,Noel Dockstader
3384,Nonzee Nimibutr
3385,Noor Imran Mithu
3386,Nopparoj Chotmunkongsit
3387,Nora Ephron
3388,Nora Fingscheidt
3389,Nora Twomey
3390,Norberto López Amado
3391,Norihisa Hiranuma
3392,Noriyuki Abe
3393,Norm Hiscock
3394,Norman Jewison
3395,Norton Virgien
3396,Note Chern-Yim
3397,Nottapon Boonprakob
3398,Noushad
3399,Noviandra Santosa
3400,Noé González
3401,Noël Wells
3402,Nuel Naval
3403,Nuhash Humayun
3404,Numa Perrier
3405,Nzingha Stewart
3406,Néstor Sánchez Sotelo
3407,Obaid Alhmoudi
3408,Obi Emelonye
3409,Oded Raz
3410,Odunlade Adekola
3411,Ofir Raul Graizer
3412,Okey Oku
3413,Ola Flyum
3414,Olaf de Fleur
3415,Olav Njaastad
3416,Ole Bornedal
3417,Oleg Trofim
3418,Oliver Blackburn
3419,Oliver Bokelberg
3420,Oliver Daly
3421,Oliver Frampton
3422,Oliver Kienle
3423,Oliver Schmitz
3424,Oliver Stone
3425,Oliver Twinch
3426,Olivia M. Lamasan
3427,Olivia Milch
3428,Olivia Newman
3429,Olivier Abbou
3430,Olivier Afonso
3431,Olivier Assayas
3432,Olivier Jean-Marie
3433,Olivier Loustau
3434,Olivier Marchal
3435,Olivier Megaton
3436,Olivier Nakache
3437,Olivier Roland
3438,Olly Reid
3439,Oluseyi Asurf
3440,Omoni Oboli
3441,Omung Kumar
3442,One9
3443,Onir
3444,Onur Bilgetay
3445,Onur Tukel
3446,Onur Ünlü
3447,Oren Peli
3448,Oren Uziel
3449,Oriol Paulo
3450,Orlando von Einsiedel
3451,Orson Welles
3452,Oscar Micheaux
3453,Osgood Perkins
3454,Oskar Santos
3455,Osman Ali
3456,Ossama Abu El Atta
3457,Otilia Portillo Padua
3458,Otoja Abit
3459,Ousmane Ly
3460,Owen Egerton
3461,Owen Trevor
3462,Owll Mina
3463,Oyefunke Fayoyin
3464,Oz Rodriguez
3465,Ozan Açıktan
3466,P.K. Baaburaaj
3467,P.T. Kunju Muhammad
3468,Pa. Ranjith
3469,Paakhi Tyrewala
3470,Pablo Agüero
3471,Pablo Aulita
3472,Pablo Azorín Williams
3473,Pablo D'Alo Abba
3474,Pablo Faro
3475,Pablo Giorgelli
3476,Pablo Larraín
3477,Pablo Lejarreta
3478,Pablo Martin Farina
3479,Pablo Parés
3480,Pablo Stoll
3481,Paco Aguilar
3482,Paco Arango
3483,Paco Cabezas
3484,Paco Plaza
3485,Padmakumar Narasimhamurthy
3486,Padraic McKinley
3487,Padraig Reynolds
3488,Page Hurwitz
3489,Pailin Wedel
3490,Pali Yahya
3491,Pamela Romanowsky
3492,Pan Nalin
3493,Pandu Adjisurya
3494,Pang Ho-cheung
3495,Pankaj Batra
3496,Pantham Thongsang
3497,Paolo Strippoli
3498,Param Gill
3499,Parambrata Chatterjee
3500,Paresh Mokashi
3501,Paritosh Painter
3502,Park Hoon-jung
3503,Park In-je
3504,Park Joon-hwa
3505,Parker Phillips
3506,Parkpoom Wongpoom
3507,Partha Chakraborty
3508,Parthiban
3509,Partho Ghosh
3510,Partho Mitra
3511,Partho Sen-Gupta
3512,Parveen Kumar
3513,Pascal Amanfo
3514,Pascal Atuma
3515,Pascal Blanchard
3516,Pascale Lamche
3517,Pass Patthanakumjon
3518,Pat Healy
3519,Patrice Laliberté
3520,Patricia Ferreira
3521,Patricia Font
3522,Patricia Rozema
3523,Patricia Tourancheau
3524,Patrick Brice
3525,Patrick Durham
3526,Patrick Graham
3527,Patrick Leung
3528,Patrick Osborne
3529,Patrick Tatopoulos
3530,Patrik Forsberg
3531,Patrik Syversen
3532,Patryk Vega
3533,Paul Andrew Williams
3534,Paul Berczeller
3535,Paul Brizzi
3536,Paul Dano
3537,Paul Demeyer
3538,Paul Dugdale
3539,Paul Feig
3540,Paul G. Volk
3541,Paul Greengrass
3542,Paul Haggis
3543,Paul Katis
3544,Paul Krüger
3545,Paul M. Green
3546,Paul Miller
3547,Paul Munger
3548,Paul Raschid
3549,Paul Reubens
3550,Paul Schrader
3551,Paul Serafini
3552,Paul Shoulberg
3553,Paul Solet
3554,Paul Soriano
3555,Paul Spurrier
3556,Paul Tanter
3557,Paul Taublieb
3558,Paul Thomas Anderson
3559,Paul Urkijo Alijo
3560,Paul Verhoeven
3561,Paul W.S. Anderson
3562,Paul Weitz
3563,Paula Apsell
3564,Paulo Oriol
3565,Pavel Kostomarov
3566,Pavel Parkhomenko
3567,Pavitra Chalam
3568,Pawan K Shrivastava
3569,Pawan Kripalani
3570,Pawan Kumar
3571,Paween Purijitpanya
3572,Paween Purikitpanya
3573,Pedring A. Lopez
3574,Pedro Antonio
3575,Pedro Coutinho
3576,Pedro Flores Maldonado
3577,Pedro Kos
3578,Pedro Waddington
3579,Pedro de Echave García
3580,Peggy Holmes
3581,Pepe Bojórquez
3582,Pepe Mora
3583,Perci Intalan
3584,Perry Lang
3585,Pete Jacobs
3586,Pete Travis
3587,Peter Berg
3588,Peter Billingsley
3589,Peter Chelsom
3590,Peter DeLuise
3591,Peter Facinelli
3592,Peter Farrelly
3593,Peter Fison
3594,Peter Foott
3595,Peter Galison
3596,Peter Hewitt
3597,Peter Ho
3598,Peter Howitt
3599,Peter Hutchings
3600,Peter Jackson
3601,Peter Lepeniotis
3602,Peter Lord
3603,Peter McDonnell
3604,Peter Middleton
3605,Peter Mimi
3606,Peter Mortimer
3607,Peter Nicks
3608,Peter Orton
3609,Peter Pardini
3610,Peter Ramsey
3611,Peter Sattler
3612,Peter Segal
3613,Peter Sollett
3614,Peter Spierig
3615,Peter Spirer
3616,Peter Sullivan
3617,Peter Svatek
3618,Peter Thorwarth
3619,Peter Tsi
3620,Peter Webber
3621,Peter Winther
3622,Peter Yost
3623,Petra Costa
3624,Peyton Reed
3625,Phanindra Narsetti
3626,Phil Alden Robinson
3627,Phil Burgers
3628,Phil Joanou
3629,Phil Johnston
3630,Phil Lord
3631,Phil Morrison
3632,Phil Nibbelink
3633,Phil Roman
3634,Phil Sgriccia
3635,Phil Weinstein
3636,Philip Barantini
3637,Philip Einstein Lipski
3638,Philip G. Atwell
3639,Philip Marlatt
3640,Philip Yung
3641,Philipp Eichholtz
3642,Philipp Stölzl
3643,Philippa Lowthorpe
3644,Philippe Aractingi
3645,Philippe Falardeau
3646,Phillip Noyce
3647,Phillip Youmans
3648,Phuwanit Pholdee
3649,Phyllida Lloyd
3650,Pia Sukanya
3651,Picky Talarico
3652,Pidi Baiq
3653,Pierfrancesco Diliberto
3654,Pierre Coré
3655,Pierre Deschamps
3656,Pierre Greco
3657,Pierre Morel
3658,Pieter Kuijpers
3659,Pieter-Jan De Pue
3660,Pietro Scappini
3661,Pippa Ehrlich
3662,Piti Jaturaphat
3663,Poj Arnon
3664,Pooja Bhatt
3665,Prabhakaran
3666,Prabhu Deva
3667,Prabhuraj
3668,Pradeep Verma
3669,Pradip Kurbah
3670,Prakash Balwant Saini
3671,Prakash Jha
3672,Prakash Kunte
3673,Prakash Mehra
3674,Prakash Satam
3675,Pramod Pawar
3676,Pranav Singh
3677,Prasanth Varma
3678,Prashant Nair
3679,Prasobh Vijayan
3680,Prateek Vats
3681,Pratim D. Gupta
3682,Praveen Kandregula
3683,Praveen Nischol
3684,Prawal Raman
3685,Prem Soni
3686,Prentice Penny
3687,Preston A. Whitmore II
3688,Prime Cruz
3689,Priyadarshan
3690,Pulkit
3691,Puneet Khanna
3692,Puneet Sira
3693,Punit Malhotra
3694,Puri Jagannadh
3695,QLF
3696,Qaushiq Mukherjee
3697,Quek Shio-chuan
3698,Quentin Tarantino
3699,Quinn Kanaly
3700,Quinn Lasher
3701,Quoc Bao Tran
3702,R. Balki
3703,R. Ellis Frazier
3704,R. Kannan
3705,R.J. Daniel Hanna
3706,RZA
3707,Raaghav Dar
3708,Raam Reddy
3709,Rachel Bell
3710,Rachel Grady
3711,Rachel Griffiths
3712,Rachel Lears
3713,Rachel Mason
3714,Rachel Talalay
3715,Rachit Kusonkoonsiri
3716,Radha Blank
3717,Radhika Rao
3718,Radhu Karmakar
3719,Raditya Dika
3720,Rae Red
3721,Rahat Kazmi
3722,Rahat Rahman
3723,Rahul Dholakia
3724,Rahul Ravindran
3725,Rahul Rawail
3726,Rai Yuvraj Bains
3727,Raj Amit Kumar
3728,Raj B. Shetty
3729,Raj Babu
3730,Raj Kanwar
3731,Raj Kapoor
3732,Raj Kaushal
3733,Raj Khosla
3734,Raj Kumar Gupta
3735,Raj Mehta
3736,Raj N. Sippy
3737,Raj Nidimoru
3738,Raj R
3739,Raja Chanda
3740,Raja Gosnell
3741,Raja Menon
3742,Raja Sen
3743,Rajan Madhav
3744,Rajat Kapoor
3745,Rajeev Chaudhari
3746,Rajeev Patil
3747,Rajesh Ganguly
3748,Rajesh Mapuskar
3749,Rajesh Touchriver
3750,Rajiv Chilaka
3751,Rajiv Mehra
3752,Rajiv Menon
3753,Rajkumar Hirani
3754,Rajkumar Santoshi
3755,Rajshree Ojha
3756,Rajveer Singh Maan
3757,Rakesh Mehta
3758,Rakesh Ranjan Kumar
3759,Rakeysh Omprakash Mehra
3760,Rako Prijanto
3761,Rakshith Thirthahalli
3762,Ralph Macchio
3763,Ram
3764,Ram Gopal Varma
3765,Raman Kumar
3766,Ramesh Sippy
3767,Ramesh Talwar
3768,Ramez Silyan
3769,Rami Hachache
3770,Ramin Bahrani
3771,Ramiro Martínez
3772,Ramon Térmens
3773,Ramsey Nouah
3774,Ramzy Bedia
3775,Ramón Salazar
3776,Rana Eid
3777,Rana Ranbir
3778,Randa Chahal Sabbag
3779,Randal Kleiser
3780,Randall Lobb
3781,Ranjit Jeyakodi
3782,Ranjit Tiwari
3783,Rano Karno
3784,Raoul Peck
3785,Raphael Erichsen
3786,Rarecho
3787,Rashida Jones
3788,Rathindran R Prasad
3789,Ravi Babu
3790,Ravi Jadhav
3791,Ravi Udyawar
3792,Ravikanth Perepu
3793,Ravishankar Venkateswaran
3794,Ray Jiang
3795,Rayka Zehtabchi
3796,Raymie Muzquiz
3797,Raymond McGrath
3798,Raymond Wood
3799,Raz Degan
3800,Raúl Arévalo
3801,Raúl Campos
3802,Raúl Campos Delgado
3803,Rebecca Addelman
3804,Rebecca Chaiklin
3805,Rebecca Harrell Tickell
3806,Rebecca Harrison
3807,Rebecca Johnson
3808,Rebecca Zlotowski
3809,Reem Kherici
3810,Reema Kagti
3811,Regina Welker
3812,Reginald Hudlin
3813,Reijer Zwaan
3814,Reiner Holzemer
3815,Reinhard Klooss
3816,Remi Weekes
3817,Remo D'Souza
3818,Remy Kohli
3819,Renata Terra
3820,Renato De Maria
3821,Rene Bueno
3822,Rene Liu
3823,Renny Harlin
3824,Renuka Shahane
3825,Renzil D'Silva
3826,René Pérez Joglar
3827,Rethabile Ramaphakela
3828,Reuben Atlas
3829,Rhiannon Bannenberg
3830,Rhys Thomas
3831,Rian Johnson
3832,Ribhu Dasgupta
3833,Ric Roman Waugh
3834,Ricardo Maldonado
3835,Ricardo Trogi
3836,Ricardo de Montreuil
3837,Riccardo Milani
3838,Riccardo Pilizzeri
3839,Rich Moore
3840,Rich Ragsdale
3841,Rich Schlansker
3842,Richard Arellano
3843,Richard Attenborough
3844,Richard Bailey
3845,Richard Bates Jr.
3846,Richard Brooks
3847,Richard Claus
3848,Richard Correll
3849,Richard Curtis
3850,Richard Donner
3851,Richard E. Norman
3852,Richard Finn
3853,Richard Gabai
3854,Richard Greenberg
3855,Richard J Montoya
3856,Richard Kelly
3857,Richard LaGravenese
3858,Richard Ladkani
3859,Richard Laxton
3860,Richard Linklater
3861,Richard Loncraine
3862,Richard Maurice
3863,Richard Mears
3864,Richard Michaels
3865,Richard Miron
3866,Richard Phelan
3867,Richard Rich
3868,Richard Sears
3869,Richard Shepard
3870,Richard Weston
3871,Richard da Costa
3872,Richard van't Riet
3873,Richie Smyth
3874,Rick Benattar
3875,Rick Morales
3876,Ricky Gervais
3877,Ricky Staub
3878,Ridley Scott
3879,Rik Reinholdtsen
3880,Rikhil Bahadur
3881,Riki Lindhome
3882,Rima Das
3883,Rindala Kodeih
3884,Ringo Lam
3885,Riri Riza
3886,Rita Coburn Whack
3887,Ritesh Batra
3888,Ritu Sarin
3889,Rizal Mantovani
3890,Rizki Balki
3891,Rob Burnett
3892,Rob Cohen
3893,Rob Epstein
3894,Rob LaDuca
3895,Rob Marshall
3896,Rob McKittrick
3897,Rob Meyer
3898,Rob Minkoff
3899,Rob Reiner
3900,Rob Seidenglanz
3901,Rob Silvestri
3902,Rob Smat
3903,Rob W. King
3904,Rob Zombie
3905,Robb Dipple
3906,Robb Wells
3907,Robbie Countryman
3908,Robbie Grewal
3909,Robert Adetuyi
3910,Robert Aldrich
3911,Robert Altman
3912,Robert Bahar
3913,Robert Berlinger
3914,Robert C. Ramirez
3915,Robert Cannan
3916,Robert Clouse
3917,Robert Cullen
3918,Robert Eagar
3919,Robert Eggers
3920,Robert Kenner
3921,Robert Kouba
3922,Robert Krantz
3923,Robert Luketic
3924,Robert Markowitz
3925,Robert McCallum
3926,Robert McCullough Jr.
3927,Robert Moresco
3928,Robert Nixon
3929,Robert O. Peters
3930,Robert Osman
3931,Robert Peters
3932,Robert Pulcini
3933,Robert Radler
3934,Robert Rodriguez
3935,Robert Schwentke
3936,Robert Smigel
3937,Robert Tate
3938,Robert Townsend
3939,Robert Vince
3940,Robert Zemeckis
3941,Roberta Grossman
3942,Roberto De Feo
3943,Roberto Girault Facha
3944,Roberto Santucci
3945,Robi Michael
3946,Robin Aubert
3947,Robin Bissell
3948,Robin Swicord
3949,Robiul Alam Robi
3950,Robyn Butler
3951,Rocco Ricciardulli
3952,Rocky Soraya
3953,Rod Blackhurst
3954,Rod Cabatana Marmol
3955,Rod Daniel
3956,Rod Lurie
3957,Rodney Rothman
3958,Rodolphe Guenoden
3959,Rodrigo Eba
3960,Rodrigo Guardiola
3961,Rodrigo Reyes
3962,Rodrigo Salomón
3963,Rodrigo Toro
3964,Rodrigo Triana
3965,Rodrigo Van Der Put
3966,Roel Reiné
3967,Roger Allers
3968,Roger Christian
3969,Roger Donaldson
3970,Roger Graef
3971,Roger Gual
3972,Roger Kumble
3973,Roger Russell
3974,Roger Spottiswoode
3975,Roger Young
3976,Rohan Sippy
3977,Rohena Gera
3978,Rohit Jugraj
3979,Rohit Mittal
3980,Rohit Shetty
3981,Roland Emmerich
3982,Rolfe Kanefsky
3983,Roly Santos
3984,Romain Gavras
3985,Roman Atwood
3986,Roman Coppola
3987,Roman Gackowski
3988,Roman Polanski
3989,Roman Polański
3990,Roman White
3991,Ron Clements
3992,Ron Davis
3993,Ron Howard
3994,Ron Krauss
3995,Ron Myrick
3996,Ron Oliver
3997,Ron Underwood
3998,Ronna Gradus
3999,Rosa Márquez
4000,Ross Adam
4001,Ross Boyask
4002,Ross Hockrow
4003,Ross Kauffman
4004,Ross R. Shuman
4005,Ross Venokur
4006,Rowan Athale
4007,Roxanne Benjamin
4008,Roy Allen Smith
4009,Roy Boulting
4010,Roy Burdine
4011,Roy Campanella II
4012,Roy Poortmans
4013,Royale Watkins
4014,Ruben Fleischer
4015,Rucha Humnabadkar
4016,Ruchi Narain
4017,Rudge Campos
4018,Rudradeep Bhattacharjee
4019,Rudy Soedjarwo
4020,Ruel S. Bayani
4021,Rupert Jones
4022,Rush Sturges
4023,Rushmore DeNooyer
4024,Russell Crowe
4025,Rusty Cundieff
4026,Rusty Nixon
4027,Ry Russo-Young
4028,Ryan Coogler
4029,Ryan Crego
4030,Ryan Fleck
4031,Ryan Koo
4032,Ryan Moody
4033,Ryan Murphy
4034,Ryan Polito
4035,Ryu Jung-woo
4036,Ryuichi Hiroki
4037,Ryuichi Yagi
4038,Rémy Four
4039,S. Shankar
4040,S.A. Zaidi
4041,S.S. Rajamouli
4042,S.S. Wilson
4043,Saandeep Patel
4044,Saara Cantell
4045,Sabaah Folayan
4046,Sabal Singh Shekawat
4047,Sabina Fedeli
4048,Sabir Khan
4049,Sabrina Rochelle Kalangie
4050,Sabu Varghese
4051,Sacha Gervasi
4052,Sacha Wolff
4053,Sachin
4054,Sachin Kamlakar Khot
4055,Sachin Kundalkar
4056,Sachin Yardi
4057,Sadeq Behbehani
4058,Saeed Hamed
4059,Safdar Rahman
4060,Sagar Sarhadi
4061,Saheed Arafath
4062,Sai Paranjape
4063,Saji Surendran
4064,Sajid Khan
4065,Saket Behl
4066,Saket Chaudhary
4067,Sakon Tiacharoen
4068,Salim Akil
4069,Salima Koroma
4070,Sally Potter
4071,Salmeen AlMurry Amer
4072,Salvador Calvo
4073,Salvador Espinosa
4074,"Sam ""Blitz"" Bazawule"
4075,Sam Cullman
4076,Sam Dunn
4077,Sam Fell
4078,Sam Hobkinson
4079,Sam Irvin
4080,Sam Levinson
4081,Sam Liu
4082,Sam Loh
4083,Sam Macaroni
4084,Sam Mendes
4085,Sam O'Steen
4086,Sam Patton
4087,Sam Raimi
4088,Sam Rega
4089,Sam Taplin
4090,Sam Taylor-Johnson
4091,Sam Upton
4092,Sam Voutas
4093,Sam Wrench
4094,Sam de Jong
4095,Samar Khan
4096,Samar Shaikh
4097,Sameer Patil
4098,Sameer Sharma
4099,Sameer Vidwans
4100,Sameh Abdulaziz
4101,Samir Al Asfory
4102,Samir Karnik
4103,Samir Soni
4104,Samit Basu
4105,Samit Kakkad
4106,Sammaria Sari Simanjuntak
4107,Samu Fuentes
4108,Samuel D. Pollard
4109,Samuel Jouy
4110,Samuel Olatunji
4111,Sandeep Chatterjee
4112,Sandeep Mohan
4113,Sandeep Reddy Vanga
4114,Sandi Tan
4115,Sandra Restrepo
4116,Sandy Chronopoulos
4117,Sang-ho Yeon
4118,Sangeeth Sivan
4119,Sanjay Dayma
4120,Sanjay Gupta
4121,Sanjay Jadhav
4122,Sanjay Leela Bhansali
4123,Sanjay Patel
4124,Sanjay Soorkar
4125,Sanjeev Gupta
4126,Sanjib Dey
4127,Sanjiv Jaiswal
4128,Sankalp Reddy
4129,Santhosh Viswanath
4130,Santiago Alvarado Ilarri
4131,Santiago Diaz
4132,Santosh Manjrekar
4133,Santosh Sivan
4134,Santram Varma
4135,Santwana Bardoloi
4136,Sara Colangelo
4137,Sara Dosa
4138,Sarah Adina Smith
4139,Sarah Gavron
4140,Sarah Holt
4141,Sarah Kruchowski
4142,Sarah Moshman
4143,Sarah Smith
4144,Saratswadee Wongsomphet
4145,Saravana Rajan
4146,Saravana Rajendran
4147,Sarawut Wichiensarn
4148,Sarik Andreasyan
4149,Sarjun
4150,Saron Sakina
4151,Sartaj Singh Pannu
4152,Sarthak Dasgupta
4153,Sathyan Anthikad
4154,Satish Kaushik
4155,Satish Manwar
4156,Satish Rajwade
4157,Satyajit Bhatkal
4158,Saul Dibb
4159,Saurabh Kabra
4160,Saurabh Sinha
4161,Saurav Palodhi
4162,Savage Steve Holland
4163,Saw Teong Hin
4164,Scot Armstrong
4165,Scot McFadyen
4166,Scott Aukerman
4167,Scott Christian Sava
4168,Scott Cooper
4169,Scott Hicks
4170,Scott Hussion
4171,Scott L. Montoya
4172,Scott Marshall Smith
4173,Scott Martin
4174,Scott McAboy
4175,Scott Moore
4176,Scott Moran
4177,Scott Mosier
4178,Scott Pleydell-Pearce
4179,Scott Speer
4180,Scott Spiegel
4181,Scott Stewart
4182,Scott Walker
4183,Scott Waugh
4184,Scott Zabielski
4185,Sean Anders
4186,Sean Baker
4187,Sean Cisterna
4188,Sean Foley
4189,Sean Hanish
4190,Sean McNamara
4191,Sean Menard
4192,Sean Olson
4193,Sean Penn
4194,Sebastian DiNatale
4195,Sebastian Gutierrez
4196,Sebastian Jones
4197,Sebastián Hofmann
4198,Sebastián Schindel
4199,Sedat Kirtan
4200,Seema Pahwa
4201,Seiji Mizushima
4202,Sekhar Kammula
4203,Selima Taibi
4204,Selvamani Selvaraj
4205,Selçuk Aydemir
4206,Selçuk Metin
4207,Semi Chellas
4208,Serdar Akar
4209,Seren Yüce
4210,Serge Ou
4211,Sergei Bodrov
4212,Sergio Barrejón
4213,Sergio Goyri Jr.
4214,Sergio Leone
4215,Sergio Pablos
4216,Sermiyan Midyat
4217,Seth Barrish
4218,Seth Fuller
4219,Seth Gordon
4220,Seth Henrikson
4221,Seth Rogen
4222,Seung-uk Jo
4223,Seyi Babatope
4224,Shaad Ali
4225,Shadab Khan
4226,Shadae Lamar Smith
4227,Shadi Ali
4228,Shady Ali
4229,Shady Hanna
4230,Shagufta Rafique
4231,Shaina Allen
4232,Shakti Samanta
4233,Shakun Batra
4234,Shalini Kantayya
4235,Shammi Kapoor
4236,Shamyl Othman
4237,Shamzu Zayba
4238,Shan Hua
4239,Shanavas K. Bavakutty
4240,Shanawaz Nellikunnil
4241,Shane Acker
4242,Shanjey Kumar Perumal
4243,Shanker Raman
4244,Shannon Hartman
4245,Shantrelle P. Lewis
4246,Sharan Koppisetty
4247,Sharan Sharma
4248,Shari Springer Berman
4249,Sharmeen Obaid-Chinoy
4250,Sharon Grimberg
4251,Sharon Shattuck
4252,Shashank Khaitan
4253,Shashanka Ghosh
4254,Shashilal K. Nair
4255,Shaul Schwarz
4256,Shaun Mir
4257,Shaun Paul Piccinino
4258,Shawn Arranha
4259,Shawn Crahan
4260,Shawn Levy
4261,Shawn Rech
4262,Shaz Bennett
4263,Shazia Ali Khan
4264,Shazia Javed
4265,Sheena M. Joyce
4266,Shekhar Kapur
4267,Shelly Chopra Dhar
4268,Shen Chi
4269,Shen Leping
4270,Sherif Arafa
4271,Sherif Ismail
4272,Sherif Mandour
4273,Shigeaki Kubo
4274,Shikha Makan
4275,Shin Won-ho
4276,Shin-yeon Won
4277,Shinji Aramaki
4278,Shinji Takagi
4279,Shirish Kunder
4280,Shirley Frimpong-Manso
4281,Shivam Nair
4282,Shivendra Singh Dungarpur
4283,Shlok Sharma
4284,Shojiro Nishimi
4285,Shonali Bose
4286,Shoojit Sircar
4287,Shravan Kumar
4288,Shree Narayan Singh
4289,Shreyas Talpade
4290,Shrihari Sathe
4291,Shubham Singh
4292,Shuko Murase
4293,Shunsuke Kariyama
4294,Shweta Basu Prasad
4295,Shyam Benegal
4296,Shyamal Chaulia
4297,Sian Heder
4298,Sibusiso Khuzwayo
4299,Siddique
4300,Sidharta Tata
4301,Sidharth Malhotra
4302,Sidheswar Shukla
4303,Sigrid Andrea Bernardo
4304,Simon Baker
4305,Simon Curtis
4306,Simon Frederick
4307,Simon Gross
4308,Simon J. Smith
4309,Simon Napier-Bell
4310,Simon Rumley
4311,Simon Savelyev
4312,Simon Stone
4313,Simon Verhoeven
4314,Simon Wells
4315,Simon Wincer
4316,Simranjit Singh Hundal
4317,Sinan Akkuş
4318,Sion Sono
4319,Sita Likitvanichkul
4320,Sittisiri Mongkolsiri
4321,Siu-hung Chung
4322,Sivaroj Kongsakul
4323,Skye Borgman
4324,Smeep Kang
4325,Smriti Keshari
4326,Sneha Taurani
4327,So Yong Kim
4328,Sofia Coppola
4329,Sofie Šustková
4330,Sohail Khan
4331,Sohail Tatari
4332,Soham Shah
4333,Songyos Sugmakanan
4334,Sonia Dauger
4335,Sonia Kennebeck
4336,Sonia Lowman
4337,Sonny Mallhi
4338,Sonny Marler
4339,Sooni Taraporevala
4340,Sooraj R. Barjatya
4341,Sophia Nahli Allison
4342,Sophie Robinson
4343,Sophie Sartain
4344,Sopon Sukdapisit
4345,Sorin Dan Mihalcescu
4346,Soudade Kaadan
4347,Soukarya Ghosal
4348,Soumendra Padhi
4349,Soumitra Ranade
4350,Spencer Williams
4351,Spike Jonze
4352,Spike Lee
4353,Sridhar Jetty
4354,Sridhar Rangayan
4355,Srijit Mukherji
4356,Sriram Raghavan
4357,Srivinay Salian
4358,Stacia Crawford
4359,Stacie Passon
4360,Stacy Title
4361,Stan Lathan
4362,Stanisław Różewicz
4363,Stanley Kubrick
4364,Stanley Menino D'Costa
4365,Stanley Moore
4366,Stanley Nelson
4367,Stanley Tong
4368,Stefan Aust
4369,Stefan Brogren
4370,Stefan Moore
4371,Stefan Westerwelle
4372,Stefano Lodovichi
4373,Stefano Mordini
4374,Stefano Sollima
4375,Stefon Bristol
4376,Stella Corradi
4377,Stephan Rick
4378,Stephanie Laing
4379,Stephanie Soechtig
4380,Stephanie Turner
4381,Stephanie Zwane
4382,Stephen Amezdroz
4383,Stephen Chbosky
4384,Stephen Chiodo
4385,Stephen Chow
4386,Stephen Cone
4387,Stephen Daldry
4388,Stephen Donnelly
4389,Stephen Frears
4390,Stephen Gyllenhaal
4391,Stephen Herek
4392,Stephen Hopkins
4393,Stephen Kijak
4394,Stephen Murray
4395,Stephen S. Campanelli
4396,Steve Antin
4397,Steve Ball
4398,Steve Barker
4399,Steve Barron
4400,Steve Bencich
4401,Steve Boettcher
4402,Steve Brill
4403,Steve Carr
4404,Steve Cheng
4405,Steve Greenwood
4406,Steve Gukas
4407,Steve Hickner
4408,Steve Loter
4409,Steve McLean
4410,Steve Paley
4411,Steve Pink
4412,Steve Race
4413,Steve Rash
4414,Steve Rolston
4415,Steve Sacks
4416,Steve Saint Leger
4417,Steven Bognar
4418,Steven Brill
4419,Steven C. Miller
4420,Steven Fine
4421,Steven Gomez
4422,Steven Knight
4423,Steven R. Monroe
4424,Steven Rinella
4425,Steven Soderbergh
4426,Steven Spielberg
4427,Steven Tsuchida
4428,Steven Yamamoto
4429,Steven Zaillian
4430,Stevie Wermers
4431,Stig Bergqvist
4432,Stijn Verlinde
4433,Stinus Morell Vithner
4434,Storm Saulter
4435,Storm Theunissen
4436,Stu Livingston
4437,Stuart Baird
4438,Stuart Heisler
4439,Stuart Orme
4440,Stuart Rosenberg
4441,Stuart Sender
4442,Stuart Stone
4443,Stéphane Berla
4444,Stéphane de Freitas
4445,Su I-Hsuan
4446,Subhash Ghai
4447,Subhash Kapoor
4448,Sudabeh Mortezai
4449,Sudesh Manjrekar
4450,Sudha Kongara
4451,Sudhanshu Saria
4452,Sudhir Mishra
4453,Sudhish Kamath
4454,Sudip Bandyopadhyay
4455,Sudipto Roy
4456,Sue Ding
4457,Sue Kim
4458,Suhas Kadav
4459,Sujeeth
4460,Sujoy Ghosh
4461,Sukhbir Singh
4462,Sukum Maetawanitch
4463,Suman Ghosh
4464,Suman Mukhopadhyay
4465,Sumit Das
4466,Sumitra Bhave
4467,Sunao Katabuchi
4468,Sundar C.
4469,Sung Do-jun
4470,Sung-soo Kim
4471,Sunil Kumar Agrawal
4472,Sunil Soraya
4473,Sunil Sukthankar
4474,Sunil Thakur
4475,Sunkanmi Adebayo
4476,Sunny Lau
4477,Suparn Verma
4478,Supavitra Babul
4479,Suresh Pillai
4480,Surya S.J.
4481,Susan Glatzer
4482,Susan Johnson
4483,Susan Lacy
4484,Susan Lambert
4485,Susan Walter
4486,Susannah Heath-Eves
4487,Susannah Ward
4488,Susanne Bier
4489,Suseenthiran
4490,Sushil Majumdar
4491,Sushrut Jain
4492,Suzanne Coote
4493,Svati Chakravarty Bhatkal
4494,Svetlana Cvetko
4495,Swapna Waghmare Joshi
4496,Swapnaneel Jayakar
4497,Syamsul Yusof
4498,Sydney Freeland
4499,Sydney Pollack
4500,Sydney Sibilia
4501,Syed Ahmad Afzal
4502,Syed Ahmed Shawki
4503,Syed Atif Ali
4504,Syed Saleh Ahmed Sobhan
4505,Sylvain Blais
4506,Sylvain White
4507,Sylvester Stallone
4508,Sylvie Verheyde
4509,Syrine Boulanouar
4510,Sze Yu Lau
4511,Sébastien Betbeder
4512,Sırrı Süreyya Önder
4513,T.J. Martin
4514,TJ Sullivan
4515,TT The Artist
4516,Tade Ogidan
4517,Taika Waititi
4518,Takanobu Mizuno
4519,Takashi Doscher
4520,Takashi Shimizu
4521,Takashi Yamazaki
4522,Takeru Nakajima
4523,Takeshi Fukunaga
4524,Takeshi Nozue
4525,Taketoshi Sado
4526,Taki Oldham
4527,Takuma Sato
4528,Takuya Igarashi
4529,Takuya Inaba
4530,Tamara Jenkins
4531,Tamas Yvan Topolanszky
4532,Tamer Bassiouni
4533,Tamta Gabrichidze
4534,Tan Bing
4535,Tanawat Aiemjinda
4536,Tanit Jitnukul
4537,Tanuj Bhramar
4538,Tanuj Chopra
4539,Tanuja Chandra
4540,Tanveer Khan
4541,Tanvir Ahsan
4542,Tanwarin Sukkhapisit
4543,Taranveer Singh
4544,Tarek Abdel Moaty
4545,Tarek Al Eryan
4546,Tariq Alkazim
4547,Tariq Khan
4548,Taron Lexton
4549,Tarsem Singh
4550,Tarun Mansukhani
4551,Tate Taylor
4552,Tathagata Banerjee
4553,Tatiana Villela
4554,Tatsushi Omori
4555,Taylor Hackford
4556,Taylor Morden
4557,Taylor Sheridan
4558,Ted Braun
4559,Ted Demme
4560,Ted Emery
4561,Ted Geoghegan
4562,Teddy Chan
4563,Teddy Lussi-Modeste
4564,Tejas Prabha Vijay Deoskar
4565,Tekin Girgin
4566,Teng Huatao
4567,Tensai Okamura
4568,Tenzing Sonam
4569,Teo Konuralp
4570,Terri Randall
4571,Terrie Samundra
4572,Terry Gilliam
4573,Terry Hughes
4574,Terry Jones
4575,Terry Loane
4576,Tetsuo Yajima
4577,Thanabodee Uawithya
4578,Tharun Bhascker
4579,Tharun Bhascker Dhaassyam
4580,Theo Davies
4581,Theo Love
4582,Theodore Boborol
4583,Theodore Melfi
4584,Theodore Witcher
4585,Thiagarajan Kumararaja
4586,Thierry Demaizière
4587,Thierry Donard
4588,Thiru
4589,Thom Fitzgerald
4590,Thom Zimny
4591,Thomas Astruc
4592,Thomas Carter
4593,Thomas Meadmore
4594,Thomas Sieben
4595,Thomas Sorriaux
4596,Thomas Stuber
4597,Thomas Toby Parkinson
4598,Thomas Vinterberg
4599,Thor Freudenthal
4600,Thurop Van Orman
4601,Ti West
4602,Tianyu Zhao
4603,Ticoy Rodriguez
4604,Tiffanie Hsu
4605,Tig Notaro
4606,Tigmanshu Dhulia
4607,Tilak Shetty
4608,Tiller Russell
4609,Tim Bartley
4610,Tim Blake Nelson
4611,Tim Burton
4612,Tim Hill
4613,Tim Johnson
4614,Tim Maltby
4615,Tim Neeves
4616,Tim Rouhana
4617,Tim Skousen
4618,Tim Story
4619,Tim Van Someren
4620,Timo Tjahjanto
4621,Timo Vuorensola
4622,Timothy Reckart
4623,Timothy Ware-Hill
4624,Timothy Woodward Jr.
4625,Tinge Krishnan
4626,Tinnu Anand
4627,Tinu Pappachan
4628,Tirumala Kishore
4629,To-hoi Kong
4630,Toa Fraser
4631,Tobe Hooper
4632,Toby Haynes
4633,Toby Trackman
4634,Todd Biermann
4635,Todd Haynes
4636,Todd Kauffman
4637,Todd Phillips
4638,Todd S. Yellin
4639,Todd Standing
4640,Todd Wider
4641,Todd Wilderman
4642,Todor Chapkanov
4643,Toka McBaror
4644,Tolga Karaçelik
4645,Tolga Örnek
4646,Tolu Awobiyi
4647,Tolulope Itegboje
4648,Tom Barton-Humphreys
4649,Tom Donahue
4650,Tom Edmunds
4651,Tom Elkins
4652,Tom Fassaert
4653,Tom Ford
4654,Tom Forrest
4655,Tom Gianas
4656,Tom Green
4657,Tom Holland
4658,Tom Hooper
4659,Tom McCarthy
4660,Tom McGrath
4661,Tom O'Brien
4662,Tom O'Dell
4663,Tom Shadyac
4664,Tom Stern
4665,Tom Stubberfield
4666,Tom Tykwer
4667,Tom Whitter
4668,Tom Whitworth
4669,Tomas Brickhill
4670,Tomas Portella
4671,Tomasz Mandes
4672,Tomer Eshed
4673,Tomer Heymann
4674,Tomm Moore
4675,Tommy Avallone
4676,Tommy Chong
4677,Tommy O'Haver
4678,Tommy Wirkola
4679,Tomoki Kyoda
4680,Tomotaka Shibayama
4681,Tony Abulu
4682,Tony Bancroft
4683,Tony Collingwood
4684,Tony Datis
4685,Tony Elliott
4686,Tony Giglio
4687,Tony Kaye
4688,Tony Leondis
4689,Tony Scott
4690,Tony Stone
4691,Tony Zierra
4692,Tope Alake
4693,Tope Oshin
4694,Torquil Jones
4695,Toshiya Shinohara
4696,Toshiyuki Kanno
4697,Toshiyuki Kubooka
4698,Toshiyuki Tsuru
4699,Tosin Coker
4700,Tosin Igho
4701,Toyin Abraham
4702,Travis Stevens
4703,Travis Zariwny
4704,Travon Free
4705,Trent Haaga
4706,Trevor Nunn
4707,Trevor Ryan
4708,Trey Borzillieri
4709,Trey Edward Shults
4710,Trey Haley
4711,Trey Nelson
4712,Trey Parker
4713,Trish Sie
4714,Trisha Ziff
4715,Tristan Ferland Milewski
4716,Trivikram Srinivas
4717,Troy Byer
4718,Troy Miller
4719,Troy Nixey
4720,Trudie Styler
4721,Tsutomu Mizushima
4722,Tsuyoshi Nakakuki
4723,Tudor Giurgiu
4724,Tugçe Soysop
4725,Tunde Apalowo
4726,Tyler Greco
4727,Tyler Measom
4728,Tyler Perry
4729,Tyler Spindel
4730,Tània Balló
4731,Udai Singh Pawar
4732,Udoka Oyeka
4733,Uduak-Obong Patrick
4734,Ui-seok Jo
4735,Ulises Valencia
4736,Ulrike Kofler
4737,Umer Adil
4738,Umesh Bist
4739,Umesh Ghadge
4740,Umesh Mehra
4741,Umesh Shukla
4742,Umut Aral
4743,Umut Kirca
4744,Unjoo Moon
4745,Upi Avianto
4746,Uraaz Bahl
4747,Uriel Sinai
4748,Uttung Shelar
4749,Uwe Boll
4750,Uzodinma Okpechi
4751,V C Abhilash
4752,V Vignarajan
4753,V. K. Prakash
4754,V. Scott Balcerek
4755,Vadim Jean
4756,Valeria Golino
4757,Valeria Pivato
4758,Valli Bindana
4759,Van M. Pham
4760,Vandana Kataria
4761,Vanessa Nöcker
4762,Vanessa Roth
4763,Vanita Shastry
4764,Varun Narvekar
4765,Vasan Bala
4766,Vasanth Sai
4767,Venkatesh Maha
4768,Venky Kudumula
4769,Venugopan
4770,Veronica Velasco
4771,Vetri Maaran
4772,Vetrimaaran
4773,Vibeke Idsøe
4774,Vibhu Virender Puri
4775,Vic Armstrong
4776,Vicente Villanueva
4777,Vicky Matthews
4778,Vicky Wight
4779,Victor Cook
4780,Victor Dal Chele
4781,Victor Gatonye
4782,Victor Levin
4783,Victor Vu
4784,Victor Zarcoff
4785,Victoria Bromley
4786,Vidhu Vinod Chopra
4787,Vignesh Shivan
4788,Vijay
4789,Vijay Jayapal
4790,Vijay Kumar
4791,Vijay Kumar Arora
4792,Vijay Lalwani
4793,Vijay Maurya
4794,Vijay Milton
4795,Vijay Roche
4796,Vijay S. Bhanushali
4797,Vijay Yelakanti
4798,Viju Mane
4799,Vikas Bahl
4800,Vikram Bhatt
4801,Vikram Gandhi
4802,Vikram Pradhan
4803,Vikram Tanajirao Patil
4804,Vikramaditya Motwane
4805,Vinay Bharadwaj
4806,Vinay Sapru
4807,Vince Gilligan
4808,Vince Marcello
4809,Vincent Kok
4810,Vincent Perez
4811,Vincent Ward
4812,Vincente Minnelli
4813,Vincenzo Natali
4814,Vineeth Anil
4815,Vinil Mathew
4816,Vinod Kapri
4817,Vipin Parashar
4818,Vipul Amrutlal Shah
4819,Vir Das
4820,Viridiana Lieberman
4821,Vishal Bhardwaj
4822,Vishal Mahadkar
4823,Vishal Mishra
4824,Vishnu Govindhan
4825,Vishwesh Krishnamoorthy
4826,Visute Poolvoralaks
4827,Vitor Brandt
4828,Vivek Agnihotri
4829,Vivek Wagh
4830,Vivieno Caldinelli
4831,Vlad Yudin
4832,Volker Arzt
4833,Volker Weicker
4834,Vonda Harrell
4835,Vondie Curtis-Hall
4836,Vrinda Samartha
4837,Víctor García
4838,Wade Allain-Marcus
4839,Wael Ehsan
4840,Wael Ihsan
4841,Wagner de Assis
4842,Walerian Borowczyk
4843,Wally Pfister
4844,Walter C. Miller
4845,Walter Hill
4846,Walter Taylaur
4847,Warren P. Sonoda
4848,Wash Westmoreland
4849,Waymon Boone
4850,Wayne Blair
4851,Wayne Orr
4852,Weica Wang
4853,Wendy Jo Carlton
4854,Wenn V. Deramas
4855,Werner Herzog
4856,Wes Craven
4857,White Trash Tyler
4858,Wi Ding Ho
4859,Will Allen
4860,Will Becher
4861,Will Canon
4862,Will Eisenberg
4863,Will Eubank
4864,Will Forbes
4865,Will Gluck
4866,Will Graham
4867,Will Lockhart
4868,Will Lovelace
4869,Will Lowell
4870,Will McCormack
4871,Will Yapp
4872,William Bindley
4873,William Brent Bell
4874,William Eubank
4875,William Friedkin
4876,William H. Macy
4877,William Kaufman
4878,William Lau
4879,William Monahan
4880,William Wyler
4881,Wilson Coneybeare
4882,Wilson Yip
4883,Wim Bonte
4884,Wim Wenders
4885,Wojciech Marczewski
4886,Wolfgang Petersen
4887,Wong Fei-Pang
4888,Wong Jing
4889,Wong Kar Wai
4890,Woo Min-ho
4891,Woo Ming Jin
4892,Woody Allen
4893,Wouter Bouvijn
4894,Wyatt Cenac
4895,Wynn Padula
4896,Xavier Durringer
4897,Xavier Gens
4898,Xavier Maingon
4899,Xavier Manrique
4900,Xiao Feng
4901,Xiaoxing Yi
4902,Xu Zhang
4903,Y. Joon Chung
4904,YC Tom Lee
4905,Yacine Belhousse
4906,Yance Ford
4907,Yandy Laurens
4908,Yang Lei
4909,Yang Woo-seok
4910,Yann Arthus-Bertrand
4911,Yann Gozlan
4912,Yanyong Kuruaungkoul
4913,Yarrow Cheney
4914,Yasir Al Yasiri
4915,Yasir Nawaz
4916,Yasmin Ahmad
4917,Yasuhiro Irie
4918,Yasushi Kawamura
4919,Yasushi Muraki
4920,Yayo Herrero
4921,Yee Tung-Shing
4922,Yemi Amodu
4923,Yen Cheng-kuo
4924,Yeo Siew Hua
4925,Yesim Ustaoglu
4926,Yeung Yat-Tak
4927,Yibrán Asuad
4928,Yim Pilsung
4929,Yin Chen-hao
4930,Yoav Paz
4931,Yoo Byung-jae
4932,Yoon Sung-hyun
4933,Yorgos Lanthimos
4934,Yoshikazu Yasuhiko
4935,Yoshitaka Takeuchi
4936,Yoshiyuki Momose
4937,Yoshiyuki Okada
4938,Yoshiyuki Tomino
4939,You-Jeong Chang
4940,Young Jun Lee
4941,Younuts!
4942,Youssef Chahine
4943,Yu Yang
4944,Yudai Yamaguchi
4945,Yuen Wo-Ping
4946,Yuen Woo-ping
4947,Yuki Tanada
4948,Yuki Yamato
4949,Yulene Olaizola
4950,Yusuf Pirhasan
4951,Yuval Adler
4952,Yvan Attal
4953,Yılmaz Erdoğan
4954,Zach Braff
4955,Zach Clark
4956,Zach Lipovsky
4957,Zachary Heinzerling
4958,Zack Snyder
4959,Zack Whedon
4960,Zackary Canepari
4961,Zak Hilditch
4962,Zakariya
4963,Zara Hayes
4964,Zatella Beatty
4965,Zeek Earl
4966,Zeke Norton
4967,Zhang Chong
4968,Zhang Yimou
4969,Zhao Ji
4970,Ziad Doueiri
4971,Ziga Virc
4972,Ziggy Hofmeyr
4973,Zoe Berriatúa
4974,Zoe Lister-Jones
4975,Zoya Akhtar
4976,Zsolt Pálfi
4977,Zuko Nodada
4978,Zune Kwok
4979,Àlex Pastor
4980,Álex de la Iglesia
4981,Álvaro Brechner
4982,Álvaro Delgado-Aparicio L.
4983,Álvaro Longoria
4984,Ángel Gómez Hernández
4985,Ángeles Reiné
4986,Çagan Irmak
4987,Éric Judor
4988,Éric Toledano
4989,Éric Warin
4990,Ísold Uggadóttir
4991,Óskar Thór Axelsson
4992,Ömer Faruk Sorak
4993,Şenol Sönmez
